id,speed
184,30.65
56,22.43
17,40.12
64,21.61
7,22.75
163,28.30
168,31.95
175,37.82
34,23.95
4,23.27
142,20.08
93,42.25
29,28.62
89,22.18
91,21.80
143,30.79
186,27.63
53,41.67
161,33.40
105,40.36
181,33.65
157,32.20
196,42.52
174,26.61
183,39.14
163,37.44
113,29.25
109,31.05
34,40.41
138,31.53
147,33.97
95,34.38
110,24.47
21,20.80
176,25.16
34,31.96
12,28.40
13,41.71
28,22.51
61,29.06
157,36.56
75,40.29
81,35.00
137,36.23
93,29.47
170,31.14
80,23.68
6,32.53
61,20.98
122,34.92
19,24.82
176,33.54
3,40.30
8,43.07
185,27.33
29,42.78
30,39.97
1,30.64
120,33.42
187,37.78
1,20.22
180,34.83
164,33.07
79,22.65
145,43.42
26,22.95
54,40.93
38,29.03
138,38.45
113,25.77
79,41.78
36,40.56
145,24.83
105,33.56
131,20.60
68,27.17
115,32.96
195,42.12
62,27.49
26,35.38
47,23.44
140,24.78
81,40.83
139,27.60
197,33.12
134,31.51
88,41.02
98,25.49
107,32.75
157,31.58
1,38.84
5,33.72
18,41.23
105,40.34
42,23.61
94,40.77
49,25.90
190,30.45
14,24.01
193,32.98
47,43.75
71,38.28
144,34.70
48,40.78
193,32.68
54,34.56
109,25.71
98,42.29
167,40.23
105,25.62
66,30.86
92,40.35
136,27.30
89,31.37
137,26.68
113,37.85
127,22.26
117,37.89
29,41.16
21,33.74
119,30.13
37,34.60
5,34.72
89,24.44
133,43.77
190,35.05
4,35.99
17,26.81
165,37.35
156,20.99
165,29.53
16,29.42
71,36.87
54,41.90
48,21.08
39,29.23
14,36.96
75,30.14
115,36.48
170,24.51
11,40.55
90,22.06
98,26.92
62,35.96
190,20.60
127,29.82
118,37.05
121,21.20
115,20.99
8,22.76
192,41.72
198,32.50
21,39.13
40,27.06
86,26.10
195,20.81
157,32.04
127,29.83
168,34.16
76,24.70
125,31.03
84,28.63
38,39.43
108,24.94
15,37.97
158,41.06
66,34.53
109,20.29
148,38.48
152,25.65
57,27.57
96,22.26
93,30.03
106,43.85
106,30.20
16,32.37
113,27.67
154,42.55
5,38.55
41,26.00
102,35.10
35,39.55
150,33.34
177,36.44
59,30.63
177,21.83
116,42.69
30,36.69
182,23.46
200,39.75
150,28.40
19,23.14
24,43.13
145,29.60
62,35.30
108,37.85
177,33.11
122,41.13
131,36.85
100,31.16
126,28.40
101,38.04
43,35.89
46,38.44
189,20.28
118,33.95
199,26.57
166,22.74
7,29.09
89,22.52
99,26.88
171,25.95
166,28.36
131,25.34
16,43.43
186,29.29
30,39.11
88,39.66
130,23.37
41,35.36
167,20.36
91,34.76
50,26.70
174,26.31
56,25.87
35,28.80
124,24.67
23,21.36
15,36.51
159,38.09
49,30.32
23,29.81
123,40.28
78,26.73
175,30.71
28,22.05
138,37.27
151,40.63
1,38.84
165,38.16
190,31.63
65,28.97
144,31.10
123,29.07
95,28.54
54,29.49
3,37.24
96,38.08
132,30.46
111,39.17
170,42.41
9,38.03
136,21.45
3,34.36
185,37.57
67,22.75
172,37.85
188,34.62
184,21.74
155,38.63
82,35.94
43,34.62
141,27.11
30,38.70
195,21.27
4,34.28
161,37.29
19,28.35
150,39.30
99,20.61
61,21.58
87,30.99
3,33.45
24,26.80
200,35.69
181,33.13
49,32.75
66,25.90
32,24.30
46,37.01
176,27.79
152,20.20
78,22.11
133,26.06
87,41.25
104,28.72
4,29.41
4,22.03
187,35.61
168,39.79
21,24.19
79,39.89
134,21.02
82,25.20
176,41.96
111,36.50
190,32.22
3,35.71
22,24.28
121,37.68
98,22.76
83,40.09
41,26.34
189,39.39
169,41.55
97,38.88
83,24.05
141,35.60
84,34.12
140,29.40
60,22.56
134,27.74
80,20.92
5,28.94
53,40.85
46,23.06
141,32.56
96,22.16
71,38.99
111,20.19
32,35.90
87,36.49
4,38.81
14,22.35
12,42.90
124,28.58
184,21.74
70,31.22
158,24.96
61,35.80
135,34.88
39,20.62
189,42.25
143,28.67
95,34.70
37,38.37
63,26.70
21,30.93
41,31.41
31,39.66
192,43.56
60,28.05
149,28.45
160,23.85
196,20.27
187,28.17
40,42.74
74,32.51
103,28.70
71,28.36
80,42.78
10,29.21
190,23.78
72,37.92
69,32.00
36,20.53
87,38.85
48,38.29
149,28.88
48,35.18
17,27.66
109,38.76
162,28.44
81,43.57
113,21.06
54,22.45
133,33.19
177,37.83
108,21.67
148,30.58
6,43.82
43,35.83
16,32.07
160,21.19
33,41.49
172,43.02
11,35.65
13,30.15
187,33.50
200,33.49
115,38.16
56,29.87
73,40.71
168,30.09
182,20.38
113,37.33
54,21.06
163,28.37
33,33.33
55,40.52
99,31.22
97,31.41
140,35.09
59,30.88
86,29.12
31,43.08
126,35.30
181,27.74
73,20.62
87,41.91
59,37.78
146,22.75
28,41.23
108,24.73
50,36.85
53,41.35
25,20.73
14,28.26
184,26.42
72,40.67
105,40.09
14,27.20
6,37.54
64,23.01
152,21.73
160,28.46
91,42.80
86,29.73
196,27.12
41,33.71
117,33.04
51,29.03
177,21.31
103,34.82
200,20.37
184,36.27
83,28.48
67,24.46
68,25.45
58,21.33
59,22.06
178,29.15
85,39.82
96,41.16
5,42.88
147,34.09
14,23.69
199,31.37
31,20.05
46,31.75
55,42.22
89,27.93
88,40.74
77,40.36
53,22.92
64,29.13
16,39.22
200,37.45
57,41.25
165,28.64
154,32.03
154,25.54
46,36.07
106,36.90
125,26.49
165,30.18
162,26.31
105,38.96
61,41.94
46,35.45
13,28.83
127,40.80
94,37.09
98,23.62
26,29.39
57,37.16
83,36.20
141,35.26
44,21.68
122,31.75
100,40.82
21,20.97
131,38.28
133,27.61
128,24.75
107,38.28
199,38.50
124,43.65
43,30.93
166,20.18
184,42.17
71,40.43
117,22.63
113,23.12
19,29.49
45,23.08
158,32.13
32,41.92
13,38.97
31,37.06
143,38.02
6,43.53
52,27.80
120,42.34
188,30.08
100,34.55
143,38.07
20,33.86
118,21.86
172,39.74
188,23.24
40,38.18
122,28.21
53,34.90
110,20.47
37,22.95
132,24.77
62,37.36
155,26.86
90,21.34
149,29.28
20,42.55
35,25.53
115,36.53
172,23.00
145,36.02
31,39.06
113,20.19
42,42.79
107,23.91
197,39.31
83,28.32
29,20.70
98,41.86
8,26.52
155,23.44
168,26.18
198,36.01
139,27.57
48,41.66
143,37.23
130,23.04
137,24.14
111,25.37
11,42.72
158,43.54
171,24.49
120,23.65
71,40.81
14,43.62
152,37.44
16,26.87
103,24.59
183,40.02
152,34.68
182,33.21
14,41.70
165,43.93
173,38.31
179,29.13
141,20.34
77,40.34
159,21.02
18,38.26
194,38.11
171,27.03
45,39.75
18,30.52
119,27.90
147,23.36
72,30.63
38,43.12
40,34.16
22,38.43
76,24.46
17,23.56
19,40.01
43,36.54
6,36.81
155,26.97
93,35.43
1,21.94
102,27.55
159,30.10
140,24.08
68,34.88
108,43.21
38,39.70
12,41.74
26,42.30
101,27.85
167,31.93
135,37.23
159,26.10
43,20.44
26,20.78
48,23.28
165,26.25
154,32.11
161,36.39
12,34.23
42,34.03
79,23.33
46,23.75
23,27.94
111,29.13
177,20.70
117,21.57
99,33.97
171,26.02
71,22.07
145,29.36
96,35.34
30,38.67
98,33.24
51,24.18
183,29.50
148,27.18
48,26.21
118,42.49
183,28.37
75,30.58
56,43.70
59,20.43
92,42.81
181,26.08
58,25.16
70,22.24
81,30.45
70,41.90
23,43.30
156,21.41
81,33.69
106,40.45
191,35.30
73,32.41
186,25.08
96,20.90
148,24.67
60,25.65
105,31.78
191,32.13
162,30.82
116,25.01
187,21.38
30,29.00
60,21.68
169,27.42
67,20.65
51,24.51
42,34.12
46,28.90
97,30.98
98,24.06
42,32.55
38,31.96
113,35.04
114,21.45
44,20.18
199,36.31
126,32.36
85,24.67
97,42.45
138,38.44
147,25.46
66,33.40
101,27.58
37,28.77
136,34.22
5,25.86
51,35.53
164,22.71
193,40.74
185,39.81
44,29.72
92,37.88
112,42.91
154,28.17
40,31.22
108,37.42
189,20.83
146,27.56
191,36.81
175,26.82
137,35.18
83,37.85
198,32.58
143,24.33
172,38.83
27,35.11
155,27.46
9,23.59
144,43.58
121,36.88
141,23.18
173,43.42
88,27.78
72,21.74
102,26.54
129,41.10
12,29.84
172,43.93
17,38.91
179,40.42
168,20.31
33,30.67
24,23.14
97,25.07
107,39.15
99,34.53
67,37.68
94,38.10
154,33.26
198,36.87
38,24.33
124,35.35
79,27.63
161,33.31
98,35.32
86,28.64
10,29.71
45,34.51
147,22.63
136,20.41
156,42.06
58,26.91
114,41.06
176,34.66
31,35.65
74,20.86
127,31.07
199,38.75
140,25.57
94,34.28
50,37.23
173,37.00
111,31.11
56,34.36
111,26.69
81,43.73
44,21.21
9,40.94
172,38.96
140,25.49
158,21.83
54,28.11
109,38.34
161,34.15
165,20.48
131,29.82
10,34.54
116,40.82
71,27.97
95,32.51
188,40.09
195,34.96
59,31.55
167,30.43
62,43.77
75,21.85
60,32.59
58,28.23
179,20.87
31,25.71
12,30.85
59,31.08
63,38.11
198,42.27
34,42.94
128,22.90
79,41.44
151,25.71
44,35.06
76,21.86
47,32.43
74,24.16
4,21.82
179,38.63
145,26.19
71,26.81
112,26.15
64,41.08
143,42.70
192,28.87
120,39.32
14,34.74
199,29.18
14,37.02
24,25.74
58,38.09
138,34.12
73,23.04
33,29.99
148,35.90
147,20.30
140,35.25
102,40.94
6,23.26
18,22.65
149,36.21
99,39.33
167,38.29
53,24.45
83,28.71
6,27.63
107,36.08
68,36.69
25,40.65
48,41.77
122,29.61
99,28.15
1,20.05
129,36.24
67,30.05
62,29.58
7,40.15
124,27.06
191,41.86
10,23.28
87,29.22
14,38.34
25,33.21
39,33.60
20,26.23
93,42.25
126,31.77
152,39.26
176,43.87
131,39.89
164,42.87
199,33.86
34,42.68
122,41.04
192,42.47
97,42.18
29,43.44
56,38.24
95,30.62
173,37.41
176,21.27
10,30.62
159,27.52
61,27.49
111,35.99
185,28.03
140,21.50
77,31.29
188,43.66
78,37.21
135,35.68
83,36.90
12,20.96
78,40.21
178,21.39
2,24.66
22,34.44
193,40.49
75,25.30
93,26.98
194,28.69
118,38.27
158,24.51
107,41.20
59,38.86
73,43.85
130,27.62
164,26.83
78,37.86
38,32.68
90,32.17
160,31.51
190,39.29
59,32.60
35,22.02
185,23.58
183,32.02
162,43.41
65,25.58
102,25.62
125,21.76
90,34.64
103,28.29
145,33.70
75,34.33
1,25.88
41,42.75
197,35.99
4,33.42
186,33.31
63,26.30
168,28.83
89,32.17
73,30.89
141,21.00
145,27.28
157,27.38
14,39.96
154,33.20
110,35.47
116,25.92
19,20.02
108,41.76
41,22.80
118,42.41
48,28.07
58,23.92
197,25.79
72,37.42
15,31.30
88,41.58
16,34.16
99,38.28
174,37.27
98,26.31
32,42.29
72,33.41
5,29.55
117,21.91
123,42.96
21,25.33
109,40.02
37,26.50
98,30.96
130,28.60
198,37.80
144,40.69
114,29.55
143,27.48
155,22.67
7,30.41
56,22.47
79,23.29
41,39.10
97,36.14
157,31.02
98,27.65
156,34.88
117,36.45
46,38.58
178,37.37
74,22.36
4,22.47
109,26.26
35,24.43
78,32.84
136,41.29
140,42.04
59,24.83
150,22.08
46,31.66
89,21.39
141,20.73
16,30.67
147,40.43
28,20.48
183,32.09
123,41.34
88,37.66
132,40.27
36,37.06
23,21.53
60,34.69
190,29.24
200,23.78
193,20.92
47,25.70
125,40.78
47,36.90
105,35.30
176,38.88
76,42.97
189,22.71
47,21.50
15,21.25
159,40.73
153,31.05
97,24.15
8,41.33
72,28.53
138,40.66
155,26.32
174,24.20
38,20.31
148,39.74
31,32.20
184,24.37
67,30.39
50,43.50
86,39.40
177,26.11
101,32.21
93,31.55
136,21.12
1,32.89
17,39.78
70,22.17
28,35.17
133,38.77
157,37.32
157,35.59
121,32.08
52,26.68
33,43.88
1,28.67
19,21.28
73,40.17
9,43.21
103,28.85
78,30.57
11,35.08
17,22.29
16,31.62
175,37.57
181,33.96
168,23.02
152,42.74
165,28.89
176,33.24
164,28.45
22,39.80
20,37.21
122,30.47
158,21.58
56,20.68
8,28.89
187,20.04
114,42.64
137,34.39
31,30.04
165,33.50
60,42.90
114,33.56
91,38.93
30,36.59
100,35.10
112,37.55
22,23.77
187,37.25
67,38.12
28,32.23
199,29.94
120,37.79
22,36.05
59,35.21
64,30.62
49,23.16
167,39.56
113,23.88
96,31.90
154,32.16
53,36.13
177,24.16
5,30.70
13,27.54
15,24.73
54,27.25
52,31.61
9,35.28
141,41.18
27,35.99
169,31.19
4,32.70
122,38.45
9,23.16
163,28.92
98,40.81
91,29.29
146,32.70
130,27.09
7,32.91
74,30.64
124,42.91
53,23.75
94,22.44
145,23.73
136,36.13
117,20.55
2,28.83
117,39.92
26,41.47
112,37.76
56,40.18
67,36.30
98,35.69
59,39.15
145,37.50
22,20.35
66,25.35
47,31.65
122,39.04
26,41.97
180,34.87
84,20.39
125,38.80
91,24.42
15,30.78
48,28.10
128,36.20
171,26.95
145,28.67
133,43.65
119,41.40
175,23.31
92,23.79
191,33.10
81,24.64
166,25.04
59,30.12
107,35.04
26,28.70
101,38.11
32,26.40
197,28.09
147,43.71
126,29.30
97,29.66
2,30.26
130,33.03
58,35.78
105,38.83
47,30.27
151,24.70
87,23.08
78,22.90
75,21.78
151,23.16
7,23.39
194,25.64
174,28.65
90,24.97
142,41.23
133,25.86
124,38.46
139,38.13
113,29.83
154,27.71
127,42.11
80,41.08
30,36.45
165,20.95
74,25.05
121,29.13
132,38.42
105,31.33
71,28.84
142,20.12
26,35.53
170,28.30
95,26.43
75,42.14
133,37.01
122,42.91
1,43.32
106,28.88
91,27.75
149,31.75
58,38.85
72,26.72
74,33.42
11,21.54
176,43.78
194,39.11
77,21.30
24,40.78
144,35.30
12,25.34
190,37.85
44,24.20
6,29.36
126,34.63
133,28.21
146,33.85
175,30.76
92,23.46
119,38.94
100,36.71
175,28.02
31,38.31
161,29.84
104,27.41
157,20.44
173,31.84
100,41.09
27,31.87
8,40.05
154,26.63
129,27.73
145,32.54
89,23.20
190,38.29
32,43.02
139,29.07
32,34.82
87,28.89
17,41.39
146,34.99
174,22.74
193,36.04
71,34.12
182,21.93
48,23.97
30,31.37
147,26.81
41,43.26
13,42.85
80,42.99
155,27.80
38,21.73
101,33.26
78,23.81
116,35.04
174,40.60
162,43.36
39,31.19
55,34.51
104,32.64
89,40.81
160,42.58
6,34.16
68,26.13
78,24.39
170,27.39
197,30.80
30,24.23
83,35.07
183,38.51
140,37.31
196,32.93
122,29.81
97,20.09
132,30.81
189,20.53
181,28.18
20,26.93
107,21.01
177,28.20
79,26.06
187,31.84
49,22.42
122,31.25
192,34.44
118,20.97
3,26.35
9,33.47
89,26.53
125,36.46
140,38.22
123,37.70
171,30.24
32,38.10
194,20.74
77,40.31
119,22.08
29,39.73
68,38.69
164,34.77
1,42.98
60,21.39
12,21.36
106,33.37
194,25.83
56,24.87
30,22.71
173,30.82
149,38.87
108,28.99
151,23.69
197,29.67
12,39.06
55,27.92
123,41.65
14,41.51
3,30.62
174,28.14
97,42.22
170,21.36
48,21.68
109,43.93
6,22.97
131,30.85
180,33.41
157,42.41
48,39.85
140,35.58
184,39.06
13,40.12
191,23.92
141,38.38
78,33.91
164,40.70
29,40.66
126,26.33
122,42.81
158,26.63
50,23.46
180,31.55
146,28.64
39,40.40
99,39.76
29,24.10
52,43.55
174,40.54
134,43.70
105,28.36
30,40.25
97,20.35
29,43.94
188,41.66
168,37.75
90,30.51
197,32.80
81,36.48
169,40.53
50,38.52
146,41.03
84,38.65
50,32.42
46,41.63
160,29.10
130,38.22
23,37.32
22,27.36
112,36.31
10,38.02
200,35.58
80,20.36
31,26.23
162,24.35
61,31.29
14,29.29
175,39.48
196,36.34
194,38.77
59,39.33
63,40.02
75,26.53
179,38.36
190,35.01
44,39.49
39,21.31
17,35.13
57,20.65
153,26.14
163,41.79
185,41.66
176,31.40
174,37.04
135,26.20
27,42.70
154,42.77
18,41.41
155,33.58
113,36.77
32,42.00
123,22.96
47,36.44
7,35.71
24,25.93
164,30.01
25,38.33
67,25.27
119,27.33
98,40.96
149,31.43
156,22.27
118,35.15
105,29.05
35,42.46
84,32.95
13,33.05
37,28.54
78,26.91
186,32.28
102,36.64
124,32.42
25,28.09
132,28.76
44,40.71
185,39.07
142,30.48
12,31.61
122,20.61
41,35.30
140,23.30
56,34.40
11,21.74
47,27.39
88,20.11
155,29.53
1,33.08
124,32.95
95,33.09
20,21.05
165,30.30
46,30.52
59,43.26
95,31.61
80,42.15
103,36.62
134,43.87
131,43.23
1,38.01
133,33.21
70,21.56
42,41.65
39,33.29
171,32.10
16,26.67
63,32.06
195,33.44
82,22.50
75,24.34
124,24.33
109,41.44
169,38.77
53,32.75
135,43.02
134,23.84
111,36.89
53,38.63
31,29.51
55,23.47
46,23.14
112,37.29
174,28.47
191,38.09
101,33.10
67,26.83
46,24.88
71,20.94
120,42.11
137,21.11
74,35.11
140,32.80
93,35.85
139,43.08
176,38.21
106,40.22
82,36.96
155,43.24
79,35.92
35,31.97
107,41.92
77,40.75
54,24.62
160,28.64
166,43.90
189,23.17
6,42.30
70,33.95
189,40.59
37,30.04
188,41.63
108,29.17
119,22.47
131,24.03
163,43.98
193,34.66
72,33.87
165,35.41
73,35.01
171,43.03
22,30.70
114,28.01
119,39.12
161,29.16
174,24.29
99,22.43
74,29.82
195,42.98
31,43.91
105,22.54
188,23.93
145,35.63
120,34.91
23,43.02
192,42.39
29,22.70
136,24.03
116,32.82
124,20.69
23,37.55
41,43.39
91,21.46
6,31.09
49,37.33
4,33.56
124,33.87
198,32.48
159,25.85
122,23.98
17,33.25
169,27.08
45,22.92
166,33.53
43,27.40
167,27.23
180,26.75
151,38.51
27,27.13
153,40.40
119,21.01
28,34.80
160,39.76
77,32.45
170,25.75
130,34.82
188,32.66
164,27.21
3,32.56
101,28.39
63,34.40
143,38.19
77,40.11
64,22.04
172,43.55
153,32.72
7,21.15
195,24.94
77,42.20
128,26.86
117,26.34
43,21.78
9,25.99
137,37.74
10,29.46
23,31.91
17,37.00
76,24.27
44,36.20
15,27.50
131,24.30
63,41.20
142,21.49
33,24.49
24,27.05
187,31.93
173,25.12
94,36.69
63,22.58
30,29.89
158,42.73
158,43.54
141,26.55
200,35.70
82,25.80
96,31.67
199,30.65
67,23.67
105,34.78
86,42.54
31,32.66
107,21.49
37,24.63
175,38.93
87,41.06
82,35.28
144,43.17
177,26.78
157,35.49
133,24.26
123,21.91
25,30.68
3,41.52
149,41.17
72,22.79
149,22.11
146,29.63
199,35.21
184,21.17
138,27.98
50,31.80
167,34.05
33,26.91
26,27.16
176,31.85
73,38.65
122,26.08
151,30.06
125,26.26
115,39.67
2,30.88
60,20.04
193,41.72
89,35.55
130,25.41
196,36.48
73,30.99
55,40.47
128,27.19
107,35.35
77,21.73
198,28.84
34,21.30
89,37.41
162,39.50
57,42.77
150,31.23
49,34.92
133,31.65
91,31.49
59,29.70
188,29.72
117,42.94
137,33.75
81,36.27
155,35.63
87,21.95
82,20.22
145,39.21
105,21.14
74,28.56
71,39.98
89,26.40
140,23.10
67,29.18
131,22.29
19,35.76
91,28.01
180,32.07
188,22.70
161,28.32
109,41.12
68,39.08
32,35.85
189,30.35
154,29.18
162,24.05
126,29.81
117,21.70
19,33.69
140,30.23
129,29.21
99,38.00
115,23.35
151,32.20
100,21.53
164,24.31
164,25.63
135,30.45
4,40.17
81,24.00
144,41.23
143,22.00
158,36.24
105,42.17
180,23.09
161,28.40
61,26.85
72,33.81
152,27.99
78,23.43
160,32.38
133,31.55
157,33.81
103,36.35
106,30.12
65,22.78
161,36.14
99,31.50
83,40.41
157,27.58
99,20.45
183,29.93
104,20.88
96,36.07
100,43.10
174,22.52
23,39.25
159,31.59
138,22.47
112,40.46
34,33.23
9,26.14
129,39.85
52,38.83
178,28.03
200,31.66
23,39.93
115,22.56
69,30.02
120,35.42
43,26.46
170,33.63
12,35.87
25,23.02
17,32.19
51,24.83
188,27.28
183,29.33
57,23.06
156,41.63
129,21.47
74,20.83
16,20.82
5,20.05
135,43.61
200,21.83
97,39.54
51,37.31
113,33.17
37,29.55
27,22.51
112,24.43
92,28.35
104,43.14
114,24.61
18,28.00
122,26.11
190,37.52
70,34.49
153,36.56
25,31.27
7,32.36
17,38.02
179,34.93
200,34.16
7,37.73
95,37.36
104,43.74
41,23.23
188,23.99
155,22.93
150,21.96
9,38.70
193,26.16
89,41.75
158,32.74
42,38.17
158,40.94
160,24.71
81,31.44
97,42.72
20,20.82
99,41.31
166,21.05
123,34.16
147,21.05
113,43.00
8,35.92
34,36.39
184,21.13
200,42.16
11,26.75
106,22.98
168,31.93
154,34.68
53,34.61
64,39.07
101,29.01
34,23.74
122,39.13
6,42.69
120,32.98
18,30.05
32,27.08
152,26.53
71,22.14
29,36.16
132,21.32
112,28.89
12,30.31
11,39.97
127,27.09
192,40.08
173,32.05
11,41.39
27,30.84
157,39.98
118,37.61
73,25.82
110,30.50
11,30.42
4,27.32
84,27.40
173,24.86
166,31.00
42,39.67
94,30.74
45,36.04
137,34.54
151,39.95
187,37.57
115,21.38
24,32.55
184,40.81
162,20.99
97,29.41
108,38.09
12,35.64
173,34.94
10,37.41
108,24.69
60,22.95
71,21.81
194,32.71
98,28.05
75,37.66
162,20.89
13,27.54
119,35.03
72,20.41
19,25.01
93,25.81
32,43.02
38,35.66
103,31.31
177,39.16
183,36.19
135,37.10
12,21.46
140,21.00
17,25.37
143,25.32
76,25.90
173,43.03
172,22.99
13,42.67
151,33.69
191,32.06
160,42.20
91,41.01
6,33.85
183,34.33
65,26.14
167,36.01
173,20.81
179,42.01
64,26.59
159,26.80
135,22.84
137,42.01
53,42.59
122,36.90
18,29.28
164,21.36
23,30.68
33,20.66
59,22.66
88,33.96
182,35.44
173,26.37
97,41.67
139,39.57
124,38.10
23,26.93
37,24.93
167,32.59
107,21.66
50,21.73
5,32.94
130,27.67
42,37.38
137,33.50
190,24.64
82,34.52
94,36.31
13,31.79
119,30.46
131,37.21
186,23.63
9,30.41
40,30.93
173,41.44
11,42.17
187,34.77
189,30.08
142,25.71
168,21.04
106,23.55
109,30.72
61,26.79
192,28.38
192,42.97
165,22.93
136,39.94
96,41.44
6,22.37
49,43.21
144,38.97
126,20.77
91,38.53
22,31.23
5,34.85
54,39.72
122,34.92
126,28.46
113,34.00
24,40.19
49,25.31
53,32.83
14,32.15
109,27.35
84,20.06
187,40.56
99,40.56
45,25.34
104,39.39
192,23.30
181,33.58
9,25.90
199,34.53
149,23.84
46,34.46
129,31.97
87,36.56
80,35.54
28,40.56
35,22.16
117,40.44
49,30.11
51,41.44
68,20.05
101,29.85
72,20.35
102,26.38
7,26.40
69,20.76
193,39.08
164,40.13
80,35.14
33,43.44
190,42.90
67,29.68
78,25.98
194,41.02
101,34.77
65,20.63
30,22.58
135,21.96
104,22.84
68,33.90
151,26.49
131,32.24
101,32.19
89,30.97
170,38.34
100,38.24
113,42.73
200,36.28
115,37.53
4,36.69
162,23.49
21,31.52
87,31.13
102,29.83
133,43.60
177,32.81
62,38.83
24,35.34
183,27.04
18,34.19
92,27.10
152,40.87
83,25.98
107,25.99
120,21.60
126,41.69
104,23.93
166,38.80
34,26.41
104,21.19
168,30.53
100,20.85
49,29.00
170,26.07
101,37.50
135,24.12
181,35.09
184,23.07
141,34.99
77,33.73
46,27.01
7,36.92
156,33.42
39,31.73
190,35.32
25,34.56
176,40.30
165,41.25
62,39.74
139,42.11
101,43.06
17,31.54
129,35.64
27,36.01
173,24.13
21,21.43
11,43.52
6,27.19
76,30.67
197,26.36
17,25.07
68,29.56
7,33.90
194,25.33
188,38.20
190,38.51
178,39.07
18,42.79
140,28.64
181,30.01
40,29.19
145,27.51
54,28.88
155,42.58
148,42.79
22,34.66
155,37.95
70,21.79
179,25.58
112,21.87
92,21.64
155,22.23
83,28.37
200,29.46
40,38.06
170,28.24
166,23.34
43,30.12
72,37.68
9,22.11
57,37.16
106,21.28
45,33.65
151,38.87
151,20.74
43,34.38
183,36.71
40,24.38
18,39.34
52,42.41
95,22.32
1,43.13
112,20.82
48,22.38
173,38.36
38,24.75
154,23.13
142,41.76
128,31.03
170,29.88
119,31.63
118,30.28
44,25.45
190,35.13
32,35.48
26,23.79
63,30.02
193,28.91
9,39.72
13,30.31
143,40.41
107,43.24
198,31.62
106,40.91
73,24.37
137,39.86
88,24.50
84,25.88
116,30.32
18,39.19
14,34.27
192,41.11
15,41.47
54,26.61
56,31.27
196,35.66
188,35.81
159,41.65
14,27.94
113,35.14
55,31.81
7,40.93
91,43.85
175,21.32
129,23.55
83,43.13
178,21.77
131,32.73
114,28.14
188,22.80
154,30.26
168,25.73
199,34.57
133,30.36
167,42.10
100,32.47
87,28.34
123,36.19
162,35.96
25,29.69
108,30.26
155,24.82
63,28.67
144,25.86
31,27.94
174,20.72
176,21.08
196,43.59
44,35.18
126,24.86
71,34.21
179,25.05
179,27.84
173,33.37
156,22.60
27,41.40
49,31.95
137,32.40
76,41.72
36,25.77
165,21.37
41,22.56
57,24.95
138,40.39
70,39.64
82,29.60
140,23.35
199,42.32
82,41.23
56,30.98
53,28.62
91,25.86
103,26.76
200,24.09
178,33.06
41,36.03
62,35.40
44,36.93
151,36.08
180,38.52
113,42.17
17,43.55
134,28.68
145,42.48
65,21.29
133,28.69
39,30.80
129,26.16
153,22.79
15,21.12
24,34.12
4,34.70
171,26.54
43,28.33
123,43.03
61,33.14
65,35.99
17,30.52
156,22.78
1,32.61
62,23.42
166,25.85
119,25.10
33,32.96
124,41.98
62,37.97
161,22.58
145,27.25
112,41.58
85,35.69
12,25.71
69,29.25
72,36.38
75,20.40
88,32.63
126,20.96
25,38.63
37,31.84
141,23.45
160,43.56
172,36.85
30,22.92
113,43.66
7,36.89
162,23.39
81,20.66
64,28.11
68,37.54
117,42.46
130,25.96
82,21.34
50,20.11
52,33.98
99,42.27
167,35.06
86,28.18
33,23.62
139,28.92
64,36.15
94,36.12
78,27.28
51,31.20
192,37.40
137,40.68
59,33.56
157,38.42
81,36.62
44,24.09
128,33.93
148,38.74
192,29.04
132,26.19
118,33.28
48,26.07
114,23.35
48,20.59
159,33.66
161,26.94
154,31.62
107,43.85
7,38.12
142,41.17
27,41.80
5,25.22
21,42.83
31,36.82
68,37.68
90,36.49
142,32.80
184,20.92
113,26.67
190,20.92
137,42.10
62,31.79
29,26.01
56,36.76
85,26.10
149,21.88
178,37.03
41,31.24
74,32.40
130,23.51
51,33.97
170,26.54
200,40.58
119,43.03
38,37.36
2,37.82
132,30.12
3,34.50
11,20.49
34,38.50
109,23.73
12,38.18
197,40.14
11,32.36
99,24.66
103,21.81
33,20.03
171,29.14
6,40.97
130,32.91
16,21.83
31,37.05
200,22.28
175,37.28
32,31.68
20,39.05
22,40.43
143,43.38
31,25.95
108,39.71
146,41.40
177,32.52
58,42.51
14,34.79
72,33.49
16,23.98
2,43.11
119,40.38
81,42.39
113,26.43
170,37.61
31,40.64
32,26.68
151,28.36
108,36.99
24,26.00
162,31.24
95,31.29
71,21.38
38,26.10
178,41.34
161,29.45
181,29.24
169,29.65
73,29.07
51,22.43
105,26.89
153,30.44
181,37.06
114,26.31
152,38.50
65,20.94
40,24.57
54,25.61
87,26.40
135,33.25
135,37.62
128,21.87
12,33.95
79,27.67
86,32.03
107,30.32
83,28.37
191,42.78
30,31.82
45,40.79
26,40.75
54,33.16
109,37.75
130,34.43
76,40.55
121,35.18
68,43.04
7,40.87
15,43.46
97,27.52
87,20.76
45,33.46
135,38.17
95,40.40
88,21.44
177,38.56
21,43.67
49,20.42
149,20.22
2,31.44
183,33.40
118,38.29
173,24.32
125,24.34
70,22.77
67,35.52
17,28.60
139,24.48
157,26.96
29,37.03
75,37.27
21,25.20
8,33.76
66,31.73
118,20.50
162,28.44
11,36.17
160,31.37
128,42.54
124,38.03
166,38.48
1,22.57
90,27.75
100,37.32
14,43.20
60,29.47
154,40.37
87,25.07
194,40.56
165,26.21
27,43.63
90,27.99
89,30.82
22,41.67
196,40.69
51,34.55
33,31.95
25,23.12
113,32.26
98,22.06
109,39.87
17,20.56
151,27.03
61,23.61
27,39.07
11,35.43
17,25.57
24,28.37
153,41.04
117,24.40
74,20.23
119,32.43
59,36.85
139,28.59
171,20.03
171,36.00
110,31.24
59,30.10
148,30.57
68,37.41
138,28.72
57,34.65
29,39.48
89,28.89
125,40.71
76,26.93
102,31.68
78,28.73
5,20.31
52,40.46
91,25.70
32,28.56
74,21.42
148,31.76
66,38.65
18,26.48
68,24.44
114,32.02
32,26.10
150,25.44
68,28.59
10,27.44
36,40.87
97,21.66
127,39.66
145,37.63
67,34.48
17,43.71
190,29.55
159,34.31
17,44.00
71,39.15
140,23.94
110,32.83
4,42.90
149,43.80
95,36.93
49,37.87
104,34.75
73,30.18
30,35.57
69,41.49
8,24.42
4,34.82
145,20.70
27,39.92
180,27.93
119,38.61
123,42.22
103,43.09
112,29.29
127,35.26
119,28.27
54,38.59
194,27.01
70,31.96
132,37.38
15,42.94
91,29.26
69,23.42
66,36.47
60,39.53
184,28.39
90,37.99
48,22.52
112,25.09
193,38.57
131,40.79
26,34.96
2,40.42
116,30.91
159,41.53
138,40.17
154,24.86
177,36.88
143,32.59
171,25.08
163,35.02
107,22.31
180,30.14
153,39.52
130,26.27
172,28.65
199,38.62
173,35.76
168,39.57
166,27.35
10,34.44
149,28.86
8,33.98
135,38.88
27,32.80
89,31.77
174,34.46
110,39.91
74,43.78
176,30.05
26,28.33
18,38.86
167,24.53
57,20.14
68,39.75
35,39.09
132,26.15
152,31.95
151,34.03
127,35.83
139,28.50
128,42.54
13,21.85
64,43.99
151,33.86
45,43.49
95,35.67
193,29.66
109,37.75
127,24.13
48,28.48
153,28.74
111,20.05
65,27.72
158,26.55
151,42.38
104,26.37
5,22.91
142,20.76
15,24.15
69,42.16
103,29.56
81,30.38
57,32.65
126,37.60
157,42.50
49,30.17
168,20.54
39,34.40
9,39.71
138,42.88
108,38.64
99,20.77
166,25.08
141,39.60
180,37.07
76,24.76
38,30.77
146,29.94
27,38.32
18,32.27
38,41.75
78,39.54
134,31.22
46,31.72
186,28.44
197,37.75
56,34.25
166,30.90
185,43.55
195,42.49
145,28.35
162,21.74
106,33.55
6,38.08
101,37.02
115,28.90
159,31.75
19,29.14
130,23.47
176,37.50
104,30.40
158,29.62
104,20.43
92,29.39
36,24.43
154,35.88
24,20.82
105,22.35
32,22.78
81,40.51
200,22.01
13,37.94
153,36.44
19,20.41
42,28.59
83,38.43
110,40.34
150,22.05
27,37.16
30,38.41
192,40.99
179,28.18
154,27.27
105,28.53
142,35.93
70,33.32
99,34.40
90,27.92
104,29.84
172,43.11
39,43.73
171,42.71
114,24.35
61,24.56
117,21.91
66,37.07
46,20.39
6,40.08
22,37.33
149,35.32
199,35.33
153,36.38
196,24.84
3,30.95
102,35.05
105,41.34
100,21.93
84,34.29
4,20.14
73,22.59
182,38.22
161,34.08
109,31.04
137,27.44
141,39.92
32,37.81
193,34.65
161,24.82
109,24.14
26,35.72
117,36.05
181,33.62
191,42.21
101,27.06
78,20.73
58,28.00
29,27.73
5,28.07
114,27.71
7,30.70
126,38.41
145,21.35
74,36.95
189,37.22
7,41.70
137,29.99
156,39.33
144,34.27
55,38.96
99,35.02
124,35.88
195,33.64
51,21.47
128,21.65
183,26.84
7,30.04
200,23.89
63,21.65
152,33.57
35,40.21
32,42.04
49,22.79
136,37.78
41,31.68
148,32.59
138,21.43
30,35.76
93,41.72
7,21.59
169,25.19
48,21.48
34,43.81
14,26.32
180,41.11
32,20.63
131,32.59
160,32.01
12,34.63
172,27.83
167,28.92
114,32.82
51,32.55
154,40.74
123,33.31
8,40.53
78,26.69
172,35.25
149,40.86
71,34.89
72,34.48
32,39.93
91,30.94
74,26.42
167,28.60
94,34.74
21,41.70
169,23.91
94,38.82
109,30.51
108,23.48
59,22.87
124,36.36
164,28.58
30,32.08
142,34.97
81,37.89
133,28.46
3,28.25
145,30.77
158,22.86
196,24.16
153,32.42
23,43.85
71,40.28
66,24.61
118,27.00
16,20.92
175,25.66
77,40.13
139,25.36
45,26.93
58,29.57
26,24.95
37,36.35
42,23.36
24,43.57
33,39.00
188,36.82
42,42.65
155,37.69
185,42.40
13,34.84
49,21.75
54,36.41
54,21.13
7,40.18
1,41.14
65,43.33
106,41.51
32,25.99
35,33.61
83,35.45
198,43.67
200,42.96
42,41.46
191,35.98
41,26.38
131,29.34
33,41.89
54,37.77
82,22.27
154,34.04
82,28.83
84,30.17
65,36.61
103,39.78
94,36.58
15,38.16
199,25.10
158,42.85
69,43.94
35,42.04
105,39.37
123,39.59
34,37.82
55,40.02
42,40.88
32,41.64
105,35.45
98,24.11
34,20.03
154,26.85
200,22.26
141,20.42
89,39.28
196,29.71
48,20.07
45,20.65
89,25.12
111,25.21
116,28.41
60,21.40
141,20.75
90,36.09
148,22.60
136,39.60
125,30.68
170,36.75
121,40.24
196,35.23
194,22.50
197,27.67
149,22.28
59,29.21
82,36.06
23,40.72
75,41.31
188,29.72
109,22.67
185,31.66
86,28.84
36,31.32
132,21.68
133,26.58
100,38.26
68,37.22
90,21.50
82,40.38
189,40.51
93,40.58
148,21.33
91,24.17
144,42.96
6,39.14
166,43.80
69,37.61
68,41.84
166,27.71
1,33.90
69,24.90
88,33.38
88,30.27
24,20.13
187,40.60
125,39.81
49,41.79
136,38.09
159,33.91
199,28.71
98,24.64
5,28.65
15,39.14
188,36.29
50,42.81
165,32.44
21,24.96
141,34.57
164,22.69
158,28.70
194,41.24
85,36.65
160,24.67
46,25.37
10,25.72
189,23.79
84,21.20
3,29.07
35,36.02
86,23.86
43,32.15
94,26.26
48,20.94
74,21.85
117,39.18
192,35.21
111,30.77
137,23.13
14,40.50
68,23.13
18,31.72
175,30.34
67,36.75
19,33.66
146,25.11
80,27.73
192,40.90
87,23.84
103,23.10
127,43.14
24,36.52
161,20.98
61,35.46
144,39.47
43,25.05
163,38.34
30,32.69
78,34.34
190,35.80
146,40.74
61,36.66
35,29.66
186,32.22
59,34.93
97,33.96
55,42.74
118,20.34
27,26.66
175,36.64
30,36.23
23,26.23
51,39.26
122,22.43
103,37.20
92,38.04
176,26.43
185,28.73
36,39.99
197,26.90
120,32.87
105,40.00
20,36.23
42,34.74
32,40.66
34,42.47
168,20.68
193,40.42
89,42.80
31,43.80
135,26.02
83,39.10
20,42.81
135,23.27
153,41.42
187,30.96
118,29.61
80,20.12
124,30.74
25,29.11
73,35.53
109,40.71
53,33.25
112,43.27
187,35.77
52,43.48
103,25.08
49,20.23
139,27.98
33,31.70
173,20.95
98,29.46
195,41.83
50,20.55
22,28.98
150,37.88
75,43.94
10,36.66
25,35.11
199,42.20
87,40.76
86,23.46
125,21.87
40,31.22
161,38.71
186,38.07
72,31.24
38,29.66
129,41.66
106,20.96
19,31.42
2,42.55
121,27.32
34,31.08
36,33.48
158,39.23
26,36.92
122,26.63
176,31.05
77,32.18
186,29.05
7,42.13
200,23.48
74,28.43
155,22.31
64,28.03
193,20.00
91,31.11
197,41.93
151,26.77
80,37.56
1,41.20
191,27.88
51,26.50
180,33.68
197,40.51
17,25.39
31,31.86
115,42.69
91,20.15
184,41.84
189,23.43
21,27.63
104,36.52
199,33.72
132,29.80
47,41.83
108,33.51
83,29.54
44,20.42
43,20.68
130,42.31
126,27.31
194,22.59
100,30.71
85,23.14
87,31.98
60,40.59
79,42.79
81,30.72
183,38.37
165,27.48
91,36.77
157,42.78
159,28.56
144,33.97
115,33.40
154,22.96
107,26.90
90,23.39
109,23.34
162,24.67
108,27.48
142,29.06
146,40.38
56,24.62
132,26.34
31,20.64
10,32.15
73,28.29
137,31.46
27,28.74
107,27.69
131,20.27
107,28.95
128,34.12
55,43.79
166,21.36
8,36.15
90,22.10
134,42.02
174,23.21
25,26.52
154,31.46
65,20.15
123,32.14
23,40.98
108,20.34
185,26.27
114,43.18
178,35.86
191,32.13
95,20.59
179,29.46
171,32.80
61,28.38
133,39.87
113,20.96
104,26.87
125,38.57
43,34.85
82,42.98
137,24.54
106,33.82
115,34.34
74,25.63
46,40.54
21,39.12
18,25.32
154,28.08
63,36.78
34,34.90
106,40.36
146,31.67
110,32.44
95,40.44
37,35.71
99,29.44
18,21.92
2,20.85
93,24.66
156,31.32
117,26.30
44,20.44
67,40.02
23,31.23
123,37.17
4,29.40
58,41.35
33,32.19
2,24.08
30,32.33
14,36.69
169,31.50
83,26.23
7,39.35
103,20.78
83,22.51
50,31.83
144,40.29
114,21.18
162,41.68
156,23.55
61,20.02
121,39.74
178,21.25
30,27.20
27,21.21
154,42.07
20,32.16
96,37.29
132,36.19
154,37.84
55,37.93
65,41.67
150,27.37
110,43.07
97,31.03
158,28.90
178,29.80
159,35.78
121,35.34
134,29.60
88,22.10
182,20.38
44,39.65
186,42.23
95,28.05
164,38.10
198,26.67
187,38.66
46,38.13
74,37.39
68,34.63
77,43.29
38,36.00
191,27.80
120,34.15
121,23.43
26,24.71
113,25.68
8,25.96
166,33.20
151,42.74
195,30.68
155,34.27
150,39.68
152,31.70
117,27.83
173,21.95
167,32.23
26,26.82
19,40.25
7,32.26
156,38.00
193,33.17
139,38.27
6,31.16
122,28.65
142,21.63
84,25.20
176,25.69
72,33.21
90,33.32
24,27.75
85,20.64
21,36.09
120,42.27
143,37.06
110,40.08
33,27.98
32,40.76
16,27.60
124,31.79
33,33.46
99,30.77
74,26.83
199,31.19
90,41.51
134,34.77
92,24.53
25,28.95
9,37.38
189,29.44
29,22.60
121,27.97
24,37.89
83,29.30
159,32.66
167,33.41
90,34.30
199,41.89
164,27.29
36,37.35
20,42.18
89,22.75
14,25.46
93,32.89
122,35.73
165,40.98
180,41.43
134,32.85
8,27.93
37,25.07
117,24.49
109,41.09
126,42.60
154,23.30
172,42.59
46,25.49
18,24.14
41,34.17
15,24.34
11,34.78
191,21.61
38,42.97
199,33.60
61,35.04
89,38.56
106,40.69
181,21.31
89,29.57
190,20.76
72,39.71
197,22.37
7,22.37
163,20.36
21,35.56
112,28.26
15,27.19
17,36.90
111,28.63
158,39.55
126,23.12
186,37.52
85,41.95
59,23.68
76,20.96
27,41.81
99,32.42
84,27.45
156,20.64
118,32.66
31,39.71
106,27.36
69,21.29
11,26.07
5,27.23
147,36.60
131,32.77
50,30.95
121,32.84
142,37.46
167,28.68
134,26.57
28,40.02
70,22.97
79,20.51
138,29.62
124,25.44
45,32.63
120,39.28
66,22.52
175,42.23
74,27.34
140,43.98
84,29.79
121,43.74
158,39.74
134,34.84
72,42.44
164,38.08
4,30.21
36,34.94
119,27.99
180,20.05
182,25.92
81,20.86
185,39.58
106,33.08
114,33.41
52,37.49
133,25.98
65,39.17
149,40.41
162,31.90
30,39.63
6,20.28
194,29.69
106,34.01
19,21.54
104,20.10
86,34.40
88,40.47
147,32.79
17,25.05
126,21.55
173,20.22
15,25.55
66,28.60
197,26.72
77,33.36
178,33.05
89,22.36
148,31.57
36,29.26
46,24.52
61,36.66
142,39.35
132,34.84
141,31.55
49,26.71
139,24.83
180,38.00
164,21.89
116,40.56
109,32.56
34,20.99
29,23.87
179,31.27
43,41.63
144,27.78
184,20.54
145,43.67
121,23.92
153,24.53
168,40.79
158,38.74
156,43.47
3,34.22
39,20.45
142,27.03
39,22.72
1,30.20
56,22.26
199,37.96
179,41.29
83,28.11
20,24.62
22,32.27
129,22.61
44,40.29
102,36.23
34,34.62
126,31.20
168,24.03
120,20.09
148,22.77
28,29.46
46,21.38
109,38.44
136,27.21
185,24.68
107,32.45
138,31.56
157,31.83
200,37.70
104,34.21
58,32.37
109,38.17
86,34.78
17,22.43
103,29.87
70,42.25
184,32.65
20,25.61
182,26.68
152,29.51
114,29.98
59,34.72
176,39.57
135,38.99
171,38.31
98,34.31
88,39.75
8,27.46
71,36.97
60,37.22
151,30.87
175,38.02
21,25.46
88,36.75
115,24.39
176,26.02
21,29.78
177,32.67
90,35.67
25,24.42
35,29.91
147,42.59
159,33.71
95,32.33
59,28.36
89,25.75
63,40.02
88,32.03
153,25.12
16,27.87
134,30.71
123,21.63
127,23.39
124,23.93
171,28.86
70,27.51
89,29.02
195,33.85
178,40.55
69,43.33
101,22.28
59,32.01
12,33.66
41,23.36
135,40.53
196,28.40
182,39.00
51,37.60
77,26.76
52,29.33
181,30.47
163,23.71
176,25.19
149,42.28
39,42.33
198,40.74
123,21.45
43,38.20
64,28.75
98,23.81
102,38.93
122,22.56
97,32.24
111,38.01
192,28.90
25,35.62
132,39.12
187,22.66
154,21.03
116,35.85
26,22.36
107,27.34
175,23.54
45,25.54
156,28.08
23,32.91
183,20.47
4,31.95
23,30.08
21,31.68
27,29.30
151,29.18
137,35.08
189,32.71
169,23.18
197,22.34
19,40.16
192,42.56
68,28.87
24,37.77
175,39.20
186,38.00
175,30.90
83,30.25
31,27.38
121,39.27
29,26.83
26,32.97
46,21.49
54,35.35
152,20.70
80,40.31
24,22.48
52,26.47
115,21.90
41,40.69
47,35.50
184,34.94
168,41.80
8,38.46
42,35.06
144,35.67
123,36.02
64,21.23
134,32.73
7,35.72
185,36.28
91,34.21
183,22.68
107,33.58
2,22.81
135,39.98
59,36.50
76,22.80
39,23.29
34,32.61
185,24.94
135,24.95
177,34.84
21,28.74
14,34.16
166,40.07
110,34.92
94,42.15
66,32.57
36,22.73
30,39.87
98,42.28
168,22.52
58,27.10
108,23.97
185,38.93
182,23.58
143,21.97
125,28.43
1,32.65
139,35.57
30,31.42
47,28.66
150,37.47
190,26.16
170,42.31
49,42.99
101,27.02
200,41.63
151,35.48
78,21.06
114,34.33
37,42.36
106,27.26
142,24.65
189,32.33
74,29.69
16,38.23
46,22.74
70,43.12
32,20.71
68,36.03
140,29.04
99,32.07
37,33.44
199,43.33
57,40.79
72,43.38
5,43.70
168,40.29
191,37.07
143,24.54
119,22.35
197,40.37
33,22.86
68,41.81
148,28.56
159,27.56
32,22.94
57,36.96
77,35.07
9,38.06
37,23.55
197,27.89
136,26.80
108,37.85
189,21.81
14,23.12
163,35.75
65,39.46
12,31.50
111,23.23
174,32.69
193,20.48
47,27.68
60,30.24
136,27.15
8,29.78
54,24.67
64,21.47
130,30.83
111,23.71
37,43.18
37,24.37
44,28.85
124,29.72
10,36.91
69,34.32
90,25.49
133,43.49
32,23.64
193,40.76
86,40.32
136,39.93
124,24.23
152,38.96
192,40.06
179,37.19
82,36.31
25,43.15
188,33.48
49,42.85
177,35.30
109,26.00
14,41.66
29,24.35
167,23.79
151,32.66
67,33.86
142,39.74
2,30.61
81,43.64
56,32.70
15,38.75
68,42.17
51,27.86
119,31.60
119,23.42
141,37.01
17,42.70
187,28.71
126,27.76
49,24.65
131,43.00
119,30.97
126,25.37
71,26.08
101,42.45
184,33.40
53,33.25
56,36.89
35,34.43
120,38.35
41,38.61
154,38.44
187,23.14
132,29.91
66,34.29
93,34.73
110,22.32
127,39.77
161,22.38
13,42.49
55,40.55
187,23.82
164,25.44
25,27.39
43,43.10
76,41.63
188,35.02
58,43.13
30,26.78
193,39.98
162,38.70
66,30.14
64,30.95
194,33.70
130,38.93
137,43.42
147,40.87
170,35.78
60,41.00
184,27.19
140,25.32
59,42.95
115,21.68
61,26.85
188,42.63
136,35.99
92,20.89
6,28.68
162,24.39
9,33.61
100,23.84
17,24.37
135,31.01
29,20.88
22,35.59
20,29.95
85,36.79
47,40.59
86,36.91
27,43.18
107,26.70
160,25.72
80,40.66
96,37.60
14,35.15
107,39.84
54,34.89
5,36.91
179,23.21
56,26.86
12,33.15
122,23.36
80,43.77
187,23.79
200,38.20
175,42.13
163,22.05
197,24.22
132,35.55
155,38.88
96,34.57
122,37.41
186,23.03
147,39.69
12,33.76
190,40.88
183,25.95
47,25.48
151,26.54
129,41.22
200,41.47
113,43.22
118,38.14
160,37.70
39,30.52
9,36.16
158,29.83
162,21.51
187,43.87
196,27.42
83,21.04
49,21.44
74,28.77
111,24.12
184,34.97
74,32.40
56,24.29
129,42.52
39,32.46
14,37.76
86,29.58
190,42.07
154,40.76
128,39.22
124,41.65
182,39.92
51,40.54
98,30.57
167,23.79
65,35.84
84,29.00
154,32.83
49,41.76
162,22.45
24,20.84
158,30.16
42,25.51
182,30.56
96,42.39
75,22.56
129,22.06
184,25.77
43,30.07
153,38.17
175,32.50
145,40.60
119,41.89
138,28.74
107,24.88
80,23.02
99,40.74
13,29.89
147,41.44
85,37.79
20,34.42
92,23.99
184,34.10
151,20.67
103,32.28
134,30.25
119,33.74
67,30.59
117,28.28
178,26.25
148,20.90
49,26.56
159,31.66
48,34.45
91,42.76
77,28.19
8,20.76
6,24.86
54,34.07
13,43.31
167,34.11
141,24.28
7,21.30
10,26.98
32,29.09
65,27.99
136,27.33
137,35.78
51,41.42
8,33.94
13,23.91
130,30.93
14,25.73
152,43.59
34,23.22
119,31.33
57,42.15
188,39.62
155,23.37
165,27.09
179,35.59
173,32.91
32,38.26
64,21.08
147,20.81
17,26.80
18,31.99
156,36.88
48,21.44
87,28.21
96,26.74
131,30.30
99,28.36
90,26.63
45,27.22
196,42.90
71,29.96
98,22.65
111,30.42
39,32.27
11,41.66
107,42.11
69,41.12
56,36.44
91,40.61
107,34.27
198,34.37
29,42.31
185,32.98
150,21.57
36,34.12
173,28.92
54,30.50
114,20.46
23,37.47
79,40.95
12,40.75
134,38.79
40,27.55
45,34.68
185,33.55
97,21.39
6,27.25
76,39.80
172,31.93
41,34.41
58,25.37
130,28.68
63,36.82
87,30.26
79,40.02
86,43.67
149,40.58
101,21.18
162,35.85
50,34.29
120,24.75
14,40.35
85,35.95
120,38.16
131,33.22
198,30.74
127,39.63
82,35.60
36,26.87
102,24.11
163,24.38
82,26.31
168,27.75
8,34.53
142,28.65
74,27.07
193,23.62
145,23.11
184,43.84
153,37.02
129,37.30
56,36.87
59,38.20
130,22.02
67,25.48
160,40.93
179,35.63
61,25.57
185,42.64
135,38.11
59,33.20
85,30.05
57,28.03
161,32.42
77,41.62
89,41.30
192,35.72
30,27.83
3,30.94
59,36.05
81,23.88
114,32.35
47,30.92
195,34.46
61,20.65
61,30.93
87,41.69
170,30.68
106,34.68
178,24.41
59,23.30
26,29.10
124,41.80
158,22.70
144,20.74
46,35.75
175,43.43
174,26.76
197,22.70
76,35.85
65,24.74
169,40.83
124,41.46
51,31.80
119,27.97
60,25.62
156,32.83
70,35.96
139,42.38
189,29.04
110,22.32
150,24.13
145,43.22
149,39.82
148,33.19
19,34.80
123,27.30
165,35.48
117,40.10
50,30.91
85,27.68
174,42.80
176,25.16
50,39.59
25,43.10
105,35.13
71,36.78
199,22.32
68,26.06
1,31.11
182,34.18
145,25.08
98,22.67
21,29.34
91,22.95
154,25.43
190,24.96
57,28.07
77,40.77
56,34.13
148,35.75
48,29.19
38,35.62
158,21.72
74,20.43
7,39.74
109,33.11
19,33.87
156,34.21
35,41.25
199,26.13
136,34.91
195,21.88
192,22.18
83,37.95
66,20.33
38,26.05
12,38.59
167,35.30
174,23.39
122,32.01
159,36.62
170,30.03
150,21.16
92,22.83
66,25.47
172,20.84
5,30.53
136,30.86
197,20.89
20,29.29
92,20.66
189,30.93
52,31.51
106,37.53
85,25.21
116,38.36
165,34.40
28,20.55
113,38.64
40,43.48
9,26.27
113,30.73
146,37.74
127,32.23
9,26.96
81,22.12
116,29.75
116,37.74
115,24.06
7,43.34
58,37.16
9,39.46
190,33.86
9,32.09
83,24.63
187,25.36
93,23.96
138,38.38
62,25.97
43,30.68
144,21.18
92,37.30
153,33.11
24,39.34
96,28.06
13,22.56
124,26.52
62,43.39
89,30.53
74,31.65
117,37.07
78,23.71
20,24.66
102,39.47
55,22.81
184,41.59
195,39.73
151,31.61
43,24.56
131,38.42
27,28.18
36,36.56
154,42.29
122,24.99
57,37.58
97,25.46
108,39.09
179,28.00
28,35.17
14,38.78
103,41.75
128,29.51
62,33.81
33,32.23
79,20.92
60,32.43
80,21.12
143,30.61
132,43.65
20,27.75
45,33.96
163,41.37
52,36.37
162,39.80
134,25.11
151,40.97
112,34.35
132,33.57
128,28.53
199,27.74
161,34.94
106,28.28
101,30.24
141,43.00
166,40.45
29,39.60
15,27.22
106,24.94
151,36.68
135,34.06
90,23.12
168,43.50
189,24.04
97,31.49
78,36.44
156,39.84
67,24.98
18,33.89
79,43.68
171,24.93
43,37.73
107,24.28
165,35.23
194,40.72
145,34.29
172,41.49
180,29.19
80,27.30
103,41.68
44,24.25
104,23.41
147,42.22
91,26.26
76,35.09
44,43.17
71,30.10
37,39.00
18,40.77
22,28.52
195,34.21
120,42.28
58,41.08
77,41.68
196,34.73
7,25.08
200,37.50
18,40.15
91,24.81
8,38.15
68,21.17
4,32.67
117,42.56
139,22.05
131,20.52
26,41.32
123,35.41
33,38.05
126,21.86
68,23.93
122,41.13
86,38.00
70,20.19
11,26.05
99,38.59
13,43.25
190,22.14
156,35.47
152,24.08
107,33.83
154,22.41
198,29.45
158,38.89
185,42.40
153,32.61
169,21.25
178,23.17
81,35.67
58,27.48
191,28.10
24,43.67
145,23.81
139,24.84
139,37.25
145,42.71
194,34.47
8,38.42
153,39.73
123,43.00
140,33.47
197,33.58
190,32.09
29,26.18
139,21.17
32,36.23
61,33.68
12,33.40
180,33.40
103,33.38
85,33.98
45,22.41
60,27.97
36,41.43
175,33.92
158,21.21
85,24.14
179,35.75
116,22.25
95,29.16
55,33.65
175,26.21
182,26.52
21,43.24
60,25.62
49,33.28
178,27.79
99,21.46
172,34.74
46,26.86
50,36.69
62,23.12
16,42.67
186,42.79
51,40.72
176,35.01
124,30.54
62,34.24
179,40.56
121,28.54
100,30.65
61,42.03
59,31.62
92,24.08
129,24.28
72,33.13
187,31.44
21,42.07
52,34.58
188,38.21
31,38.44
133,40.62
52,30.47
84,43.01
106,43.84
147,22.44
111,40.48
62,25.97
176,22.39
10,38.06
37,33.10
143,36.87
27,25.43
133,31.34
109,33.08
120,43.76
193,31.34
183,24.67
20,34.25
97,32.90
99,26.15
170,27.34
171,38.14
130,38.45
157,34.96
173,28.98
115,37.05
2,28.35
172,26.15
79,26.15
59,31.97
101,21.80
70,34.53
147,33.04
153,35.19
22,24.86
61,39.59
58,29.11
36,38.68
140,40.64
195,38.68
90,26.23
35,30.30
9,22.47
37,32.19
136,31.86
174,36.56
186,20.71
12,38.56
102,32.31
57,30.22
180,25.52
67,37.93
116,24.78
22,30.06
173,40.51
71,37.00
179,21.52
197,40.94
84,40.61
15,26.01
47,29.77
139,38.77
43,38.72
14,41.64
155,29.07
169,40.96
115,22.39
110,39.99
176,26.25
86,24.87
190,25.81
90,43.71
56,21.24
43,42.46
20,38.40
167,26.90
46,33.68
44,24.93
188,25.34
179,23.41
15,25.57
53,27.33
166,37.51
167,30.60
188,37.67
148,41.14
125,32.59
79,23.05
76,32.82
120,30.30
60,26.44
114,35.66
179,33.55
134,40.88
164,43.06
156,35.18
51,25.29
106,30.37
38,24.66
137,21.15
52,30.79
48,30.73
193,41.39
83,30.70
118,31.54
26,35.52
110,21.68
142,36.56
105,31.78
81,23.27
41,31.05
20,34.44
161,30.35
4,37.49
101,27.37
28,39.59
44,36.73
32,34.70
52,31.64
6,30.83
74,29.02
113,21.40
51,22.50
131,38.07
132,29.48
135,36.68
85,37.99
93,32.15
54,37.76
113,33.24
78,40.55
58,20.65
143,31.98
122,28.61
143,34.82
20,32.64
42,26.45
84,43.46
170,37.27
43,24.35
103,20.05
93,27.16
43,30.78
17,29.48
55,34.42
114,21.15
68,23.68
181,41.26
36,41.15
52,40.15
41,32.64
119,21.50
184,38.17
65,24.15
29,26.01
58,27.92
100,42.78
160,29.72
99,20.39
168,21.76
7,42.75
191,34.43
68,35.08
167,28.50
11,27.50
80,34.41
105,40.78
101,42.14
149,41.86
89,28.15
80,33.36
154,20.86
58,29.34
72,41.15
175,29.02
75,21.24
21,26.15
5,21.45
184,41.84
93,31.79
73,22.79
146,36.63
108,29.39
10,39.46
94,26.93
136,41.76
104,20.82
19,31.85
101,39.72
122,22.06
116,32.96
188,42.27
57,36.28
169,40.30
40,21.78
182,41.81
103,41.19
106,34.80
44,32.49
180,29.87
125,28.03
200,27.22
59,30.83
26,35.35
12,29.61
70,33.08
138,26.26
33,33.62
141,29.23
106,43.89
152,32.59
3,28.54
99,21.29
47,30.53
193,41.82
112,21.16
138,33.60
142,35.97
40,32.96
109,41.40
156,34.16
23,41.43
167,29.82
169,25.46
122,34.49
38,25.71
124,43.17
108,24.93
99,29.22
63,35.48
154,29.88
95,21.83
82,37.53
73,28.10
100,30.51
72,39.64
187,24.24
148,40.25
20,38.78
58,43.58
97,31.38
153,39.63
32,36.81
187,40.35
36,38.46
160,25.77
89,25.88
112,26.22
130,21.09
33,26.10
56,28.90
39,31.98
54,22.55
144,28.11
144,42.09
119,41.34
92,36.88
193,20.39
51,30.71
41,22.89
147,31.11
85,37.32
98,36.75
2,28.86
74,21.55
108,24.11
47,30.55
116,22.74
118,29.64
56,32.35
154,35.10
113,37.07
93,38.63
13,43.98
114,42.17
131,37.22
123,37.44
193,34.63
84,32.39
7,36.04
166,39.56
120,40.74
96,37.19
29,24.06
155,43.02
185,20.40
191,40.81
42,25.26
153,20.94
53,42.04
153,33.23
144,32.19
187,34.40
79,30.29
81,39.36
143,29.18
102,36.83
37,38.37
125,42.65
64,26.16
2,25.86
23,26.97
45,24.42
89,39.54
40,41.56
64,25.91
112,33.73
185,34.27
136,24.13
142,43.70
116,34.01
3,32.39
105,35.35
130,42.40
127,32.36
148,43.01
200,26.32
116,28.14
65,37.62
175,28.97
90,33.89
32,26.35
164,20.98
144,22.44
140,21.54
184,29.50
17,29.76
98,38.21
145,41.24
126,26.37
169,35.49
156,28.23
60,38.89
52,34.89
159,24.69
122,35.04
41,28.49
13,39.55
69,36.87
43,42.25
122,33.87
45,22.78
99,39.19
141,27.94
84,20.77
168,36.71
113,38.28
64,32.05
16,30.11
169,33.16
181,31.53
149,35.42
157,23.79
117,41.67
145,29.13
7,42.47
102,37.72
113,20.48
175,39.78
4,37.16
71,27.75
133,25.54
38,29.04
46,43.83
55,34.72
31,30.21
153,35.69
165,34.51
192,34.76
154,32.66
12,21.78
127,36.98
99,39.01
109,37.76
11,34.77
136,40.29
115,41.54
77,42.87
78,38.85
179,34.74
84,32.31
63,32.97
72,33.24
37,37.51
146,33.41
122,21.68
1,34.97
25,35.95
26,39.86
19,43.79
76,30.40
185,26.14
175,23.57
104,43.60
8,31.93
133,35.07
137,24.36
168,35.61
80,34.11
140,22.02
173,27.26
64,38.49
192,42.51
17,37.86
44,24.45
117,42.98
17,23.89
177,20.25
199,30.92
94,24.89
84,42.13
139,34.61
23,40.62
148,40.50
2,38.26
175,21.76
155,38.33
110,37.00
52,33.59
16,33.75
187,33.02
13,27.67
197,23.06
82,22.17
133,28.74
89,43.14
17,43.18
140,36.55
32,41.36
153,43.66
90,40.97
98,37.58
181,35.95
97,39.09
79,43.29
34,24.75
184,32.14
2,34.61
196,38.20
22,20.83
129,34.87
55,35.14
96,30.68
200,43.18
131,42.26
183,26.68
6,23.69
150,33.95
186,22.37
102,28.15
44,38.26
30,35.56
40,38.01
161,30.83
81,30.06
37,25.99
73,25.19
56,38.28
76,41.32
186,20.66
53,42.83
96,35.30
13,42.22
87,20.72
171,24.08
87,28.21
38,24.79
115,27.48
60,27.17
121,26.59
106,38.74
193,23.15
14,26.55
102,38.08
11,39.26
40,25.10
24,39.15
105,41.26
168,32.46
5,35.78
183,25.90
165,27.45
181,23.20
50,26.12
80,33.96
104,25.98
51,35.15
23,39.59
29,36.38
151,41.32
32,39.85
198,21.00
138,40.86
40,32.17
34,43.50
195,41.96
177,21.24
183,31.66
84,34.73
62,31.57
106,24.05
137,28.86
71,36.27
181,24.69
57,39.70
60,34.29
9,41.04
113,33.34
162,30.08
96,41.95
89,21.90
96,36.94
70,24.02
187,25.75
69,26.98
74,35.60
26,24.88
174,33.83
42,33.91
161,27.16
9,34.76
93,26.48
84,30.20
54,42.08
9,39.64
28,37.80
195,37.97
110,35.63
45,40.15
32,43.98
85,37.22
149,40.13
102,20.77
185,35.69
18,36.79
58,23.46
47,38.13
41,31.70
173,42.37
147,32.26
93,32.25
121,43.64
195,31.16
99,38.27
197,38.47
139,41.48
173,22.77
89,40.47
69,25.98
144,22.63
80,39.39
27,28.54
27,20.35
199,43.88
22,32.32
120,31.00
132,27.31
195,39.54
166,24.74
60,30.99
47,34.93
97,37.73
130,21.97
42,26.47
37,36.09
8,43.98
85,32.76
69,38.27
119,42.87
99,28.23
88,37.99
116,31.86
174,24.52
83,25.52
195,27.59
119,37.78
23,32.05
55,36.42
1,21.54
149,42.03
73,25.62
13,35.71
27,26.54
103,33.01
87,41.69
161,43.73
45,39.45
62,35.36
4,40.14
33,35.27
178,27.00
5,24.82
145,27.98
198,37.60
105,23.52
199,20.89
164,21.58
39,27.10
160,36.30
142,20.21
24,26.37
81,38.73
99,29.48
109,41.66
26,33.81
30,43.33
45,24.23
191,29.12
91,26.01
191,25.74
65,31.73
192,23.36
38,25.25
2,43.08
122,23.68
34,25.07
50,21.17
41,43.02
119,30.62
164,41.07
36,34.47
88,39.38
58,22.22
147,23.86
17,33.27
79,39.96
166,29.86
14,20.87
60,40.43
51,35.00
127,21.77
17,24.03
194,28.78
137,30.90
79,37.46
114,26.13
23,40.73
155,21.20
200,38.21
16,31.89
9,34.33
158,27.97
141,37.69
185,29.80
19,37.71
120,22.88
197,21.21
30,43.64
46,34.62
145,36.76
194,33.26
20,20.55
145,36.24
55,38.77
187,33.05
155,27.03
198,26.88
125,21.10
82,38.40
87,24.15
20,23.53
100,41.62
91,25.79
125,37.36
155,33.66
73,37.85
13,37.58
97,23.74
196,41.98
93,40.09
46,40.70
65,35.25
2,25.46
49,24.93
99,38.76
64,32.25
58,28.58
5,43.66
133,26.04
174,31.63
39,38.45
10,32.16
112,29.90
45,21.24
159,39.53
37,42.28
110,21.97
42,43.41
158,39.32
46,33.97
197,43.74
34,27.43
131,25.77
17,33.93
67,33.39
190,23.63
12,21.50
10,20.28
109,35.87
67,30.49
168,29.52
169,33.81
90,28.83
7,26.57
15,32.97
97,30.12
193,43.71
6,27.85
4,42.27
147,21.54
155,20.99
174,39.22
25,30.79
129,32.54
119,27.22
1,39.76
150,28.19
176,22.99
64,36.02
182,34.55
106,39.72
30,23.41
94,29.85
143,31.10
44,37.38
112,40.52
122,31.07
66,36.95
90,20.14
110,22.39
8,38.32
4,41.05
189,32.39
53,28.75
99,35.09
113,22.97
119,26.58
79,43.38
44,33.81
197,27.87
111,39.99
64,21.96
118,39.34
16,32.44
8,43.73
49,26.49
93,29.10
166,21.22
28,27.20
114,42.15
141,29.68
100,43.37
61,38.00
188,32.55
46,42.61
131,29.54
163,38.25
185,31.13
137,42.19
57,28.14
42,21.05
168,28.95
165,34.36
109,42.84
131,35.45
87,33.12
72,36.62
147,26.70
40,28.56
133,26.38
165,21.29
144,33.82
115,38.30
196,35.39
100,21.59
83,41.63
164,43.65
42,31.20
66,32.74
95,33.19
90,25.26
192,20.12
75,38.04
76,24.43
3,30.83
33,29.52
87,23.80
172,25.80
86,27.92
150,25.09
49,40.28
176,35.84
151,42.25
182,22.86
85,36.96
113,39.71
40,22.07
123,30.28
180,20.19
120,23.76
174,26.71
16,34.17
139,27.68
147,20.32
154,43.89
120,28.89
181,39.82
58,34.21
186,23.09
64,41.12
96,32.93
56,40.43
81,41.12
81,37.02
95,40.42
199,24.93
160,33.42
43,39.03
87,34.17
6,24.48
142,40.37
80,39.41
112,28.39
195,22.56
191,41.88
147,43.46
37,35.30
44,36.80
177,40.01
15,30.12
43,25.91
11,43.76
114,30.48
126,33.29
22,35.25
106,39.88
34,23.20
190,35.44
175,34.47
40,31.49
169,25.23
23,43.14
34,20.35
121,37.87
161,21.17
68,28.45
71,37.39
21,31.42
113,41.46
4,39.84
194,35.05
193,43.97
170,39.77
24,43.17
54,42.30
187,31.93
162,24.22
161,29.78
110,29.32
138,37.00
25,31.03
125,37.50
161,41.35
161,35.16
67,28.78
160,42.98
143,21.97
39,22.75
97,34.45
43,36.50
129,25.34
67,28.12
22,39.66
124,24.81
196,26.68
81,23.58
72,36.18
113,25.60
20,20.41
191,36.06
82,22.25
53,35.54
157,26.49
3,26.44
47,32.58
184,36.13
152,28.69
8,36.25
154,25.32
118,23.91
147,35.76
36,39.80
93,25.10
21,36.95
61,24.18
186,39.51
192,25.26
117,36.57
4,21.54
110,33.08
159,26.74
15,25.85
113,21.73
20,38.86
144,40.69
78,42.18
100,27.13
103,29.63
67,33.54
119,22.65
199,40.38
150,31.94
34,43.20
141,34.06
88,23.17
21,33.35
170,31.37
113,26.39
48,25.87
54,35.49
57,38.68
80,41.40
71,43.16
34,39.11
182,22.64
117,24.55
122,43.62
109,39.95
54,38.03
176,37.99
67,25.00
167,36.87
44,24.90
75,42.80
36,27.53
41,41.45
156,36.67
177,22.52
39,43.75
86,33.80
88,34.58
165,40.61
99,21.61
151,23.70
145,27.48
74,38.25
54,30.14
60,25.88
151,27.95
111,20.72
172,21.41
113,43.09
69,32.74
87,32.78
102,27.40
174,33.29
96,32.07
99,40.94
110,27.48
152,27.25
31,39.61
130,26.98
160,39.72
186,43.26
12,40.70
90,38.61
42,30.99
36,22.01
132,25.52
79,21.07
95,43.08
187,25.61
88,38.16
104,37.44
30,32.64
173,22.89
171,43.68
41,33.50
46,38.69
135,26.07
122,25.44
110,42.83
31,28.13
182,23.46
200,41.98
32,38.64
163,23.29
140,36.85
159,40.94
56,37.30
119,38.84
42,22.70
116,21.83
162,34.85
199,21.17
162,38.13
76,23.78
45,27.98
175,23.51
18,30.86
153,24.51
71,43.40
161,31.25
152,40.85
91,26.31
162,41.04
138,31.35
26,37.70
163,43.97
44,22.49
172,35.95
168,22.26
130,43.30
130,33.37
5,29.29
182,39.19
4,39.24
158,40.65
36,30.58
110,27.23
17,24.68
94,35.96
65,32.10
100,39.47
44,36.41
119,41.12
194,38.67
62,24.00
189,31.70
88,21.78
76,22.97
127,21.38
145,21.11
89,25.25
94,41.98
67,33.78
95,33.56
129,34.68
119,26.53
176,24.17
155,35.08
47,28.94
136,41.97
148,31.97
62,31.97
15,20.27
81,35.35
149,33.41
143,38.64
51,43.99
166,29.85
7,31.56
172,25.25
106,41.77
28,38.21
170,31.74
11,23.41
82,41.01
53,42.96
14,39.54
153,39.67
154,31.81
18,35.79
146,43.79
118,42.81
23,36.50
27,20.60
146,31.09
197,35.74
182,26.09
18,26.78
31,26.44
184,43.27
126,38.14
39,21.40
185,22.61
200,41.22
177,39.85
112,27.06
123,20.07
7,21.95
60,27.42
43,27.17
21,37.31
104,25.41
116,24.95
103,28.06
1,40.72
191,39.07
100,33.10
3,31.14
71,26.97
170,43.12
74,42.58
3,35.22
150,36.34
144,41.53
178,37.92
139,21.34
49,33.75
163,33.18
80,28.16
40,33.00
105,27.31
161,41.70
1,37.68
65,37.29
85,20.98
174,28.52
134,34.74
90,32.76
165,41.35
106,38.56
47,43.74
120,40.77
42,25.27
183,38.06
199,36.43
49,30.96
43,41.60
142,42.93
113,22.24
30,42.85
69,30.18
166,33.59
91,39.35
64,24.09
104,26.87
51,37.88
97,28.00
16,27.97
149,27.42
122,31.69
178,24.00
173,28.38
169,29.18
194,21.83
29,29.27
169,31.29
169,30.14
161,31.41
97,41.16
63,43.37
164,27.18
194,20.75
49,42.14
115,24.83
105,32.23
89,35.26
145,21.87
2,43.76
83,27.29
85,42.35
159,35.59
101,42.01
183,22.83
25,37.69
120,25.78
128,32.86
178,24.16
2,29.84
25,26.53
181,23.30
107,22.24
95,23.69
173,40.67
39,20.06
74,38.75
39,37.13
26,31.01
148,26.57
58,23.52
131,28.88
160,38.72
146,36.71
20,42.81
192,29.18
89,21.83
179,23.44
98,21.38
144,42.10
159,29.04
35,30.28
13,38.38
83,30.04
143,37.47
181,39.08
114,35.16
57,32.57
193,38.09
109,28.11
172,30.46
116,20.73
132,23.82
3,30.63
83,43.20
105,27.18
147,34.48
10,35.01
83,24.36
47,41.64
187,24.55
16,34.18
118,38.13
114,26.03
20,23.75
76,40.65
128,27.08
77,21.88
106,31.16
150,35.24
179,37.61
102,24.59
100,25.60
17,32.98
97,29.12
98,37.29
48,25.36
155,36.22
79,41.87
81,26.49
79,21.79
8,22.10
15,24.93
49,35.71
119,29.63
186,25.07
48,25.64
186,23.28
5,29.38
151,41.90
141,25.20
188,36.22
78,25.39
91,22.28
46,27.05
193,32.31
9,36.03
136,23.68
29,43.20
164,39.20
24,20.89
189,20.64
40,37.72
192,28.89
191,39.52
186,30.82
48,34.44
11,24.35
37,35.60
120,23.13
8,36.23
132,40.01
200,35.87
64,30.44
41,42.02
53,22.57
69,21.20
4,34.90
136,20.14
160,23.47
139,26.99
23,33.80
12,25.54
38,42.86
21,37.30
3,25.78
182,38.28
56,29.39
9,21.67
42,21.43
69,37.35
87,23.07
75,31.16
70,32.70
40,21.94
51,32.67
189,23.24
136,20.82
189,37.59
91,26.00
74,38.05
86,28.39
77,29.76
1,30.77
179,24.14
122,40.69
177,36.68
81,29.35
90,43.12
73,22.13
137,21.51
198,42.73
30,31.62
175,28.52
73,29.30
90,20.06
131,32.62
144,41.41
95,27.92
3,31.68
10,39.96
189,26.56
127,43.86
48,37.33
184,29.86
175,21.86
127,30.61
3,43.67
169,25.81
119,25.41
153,43.45
180,30.31
4,29.04
84,20.59
15,38.29
168,30.31
157,27.33
155,20.13
135,31.50
109,23.55
184,42.79
159,36.97
173,25.36
14,21.53
79,33.65
166,29.69
16,32.91
18,20.11
36,29.79
133,34.96
102,37.30
101,24.21
4,22.32
14,43.66
20,35.69
23,26.16
186,27.90
119,32.57
159,33.81
59,26.94
55,27.47
60,36.73
44,20.96
24,39.68
52,36.09
148,26.14
110,36.69
21,26.29
130,41.78
185,41.36
91,22.67
123,32.58
70,28.49
102,20.59
87,39.94
28,35.58
164,23.63
31,21.18
30,38.10
171,23.55
144,25.07
24,22.79
158,32.73
23,21.61
51,39.97
14,23.68
42,25.18
94,33.47
157,37.37
124,37.85
69,22.22
93,23.84
195,35.86
111,20.05
184,22.96
117,25.00
159,31.70
13,21.76
114,29.48
111,40.53
174,26.34
166,26.72
12,29.26
134,39.33
105,39.35
81,33.38
197,35.36
50,43.73
28,23.59
174,34.90
164,27.14
179,35.90
141,31.14
171,43.32
39,26.49
196,31.79
110,27.07
54,36.06
171,33.12
192,41.22
100,24.47
61,41.54
62,31.26
38,37.95
78,43.12
124,34.84
10,37.33
65,32.90
9,22.81
133,43.30
156,41.00
50,39.45
29,33.04
143,37.62
154,38.44
195,22.47
79,41.24
151,27.17
145,43.65
150,26.51
86,33.27
188,41.97
29,24.33
26,25.65
118,42.16
75,33.48
194,20.37
71,22.39
39,23.34
70,34.25
73,33.08
51,42.16
34,32.35
109,21.98
24,42.10
53,27.78
184,43.63
63,41.06
175,42.78
98,26.17
192,25.36
198,30.29
142,37.25
7,21.05
132,32.40
112,20.30
35,35.38
162,23.90
51,35.08
50,30.77
54,37.65
176,21.51
163,21.22
122,37.12
116,29.31
113,27.34
24,22.50
160,28.79
189,40.41
199,23.92
136,22.83
13,41.76
140,26.19
174,33.50
158,43.69
180,30.78
80,24.07
172,40.13
40,24.29
49,34.80
57,20.65
151,33.64
177,33.54
50,31.85
190,27.96
18,38.46
129,24.37
55,35.43
136,31.03
194,26.80
191,43.84
42,32.74
147,38.94
53,34.92
41,36.60
42,21.55
149,26.88
194,24.98
128,33.94
187,28.85
180,30.85
67,36.29
86,40.57
151,34.34
127,26.52
4,37.26
181,41.36
150,37.85
176,33.32
4,41.51
167,32.77
178,20.44
101,24.38
119,26.19
169,40.94
108,22.14
87,33.50
25,42.93
33,24.18
166,35.01
78,30.11
183,23.06
43,39.10
178,39.77
30,27.97
57,34.68
75,40.64
113,32.08
181,30.73
93,42.92
51,26.46
138,30.39
186,26.52
181,21.31
20,29.70
152,35.92
93,41.39
165,39.43
134,31.27
168,32.47
157,24.49
14,30.97
182,39.04
7,30.37
101,23.08
168,30.85
115,23.41
199,33.34
19,23.51
8,35.74
75,40.00
55,31.92
168,24.72
113,30.95
34,22.93
145,39.26
150,41.24
96,29.38
151,22.07
63,20.60
3,23.97
143,38.43
57,40.10
130,39.17
121,39.00
26,32.62
181,37.06
188,36.87
138,34.11
159,25.81
100,43.98
195,30.32
31,33.78
10,31.66
149,21.34
145,38.79
12,20.61
43,38.45
3,31.76
5,30.17
19,26.38
144,28.04
77,34.84
179,40.67
195,36.49
151,34.75
154,43.49
183,24.28
163,26.45
60,36.97
129,43.55
164,40.79
80,32.64
55,38.92
57,27.45
53,32.76
85,37.08
125,24.59
133,37.47
53,20.24
2,41.97
30,29.89
79,22.93
105,33.88
159,31.12
136,42.72
109,23.97
159,20.18
107,22.70
23,30.40
101,31.90
125,34.38
153,33.98
200,31.47
100,20.21
169,32.56
72,23.65
165,34.66
175,43.13
56,20.32
107,34.40
123,22.51
80,30.82
133,40.45
65,37.14
59,43.36
103,27.86
111,24.24
149,22.14
144,36.91
133,38.91
53,35.17
174,30.56
186,27.89
33,38.10
3,43.87
39,38.17
165,41.26
97,34.83
32,31.83
54,34.80
175,21.65
95,35.05
106,40.92
192,37.55
144,36.80
5,38.11
147,40.72
85,25.08
185,31.35
107,30.33
3,27.24
7,43.79
199,31.34
190,39.06
11,23.21
199,27.54
61,21.60
22,21.08
182,35.87
47,27.71
67,25.94
11,26.30
149,41.32
63,27.83
81,36.31
106,24.40
160,40.59
26,36.77
152,40.34
152,40.83
113,43.72
10,21.22
183,31.26
63,37.33
93,25.06
194,36.52
178,42.16
199,23.35
53,28.05
49,21.73
91,36.30
184,28.68
196,25.28
74,43.93
115,43.40
185,24.84
179,34.03
41,23.55
151,34.36
166,37.38
156,27.82
123,22.41
94,32.24
19,27.48
173,41.13
151,31.90
138,31.76
93,29.95
87,37.56
171,42.68
113,38.27
145,33.81
11,22.14
165,30.23
80,40.68
195,26.04
175,42.17
97,37.26
76,23.50
131,40.66
143,30.61
43,37.81
117,43.87
90,24.21
136,27.31
53,36.35
3,27.83
70,39.59
9,41.06
75,23.97
110,40.92
171,23.08
10,23.65
6,30.95
180,32.52
180,24.85
149,40.44
11,37.85
125,34.94
121,33.40
128,36.36
107,28.67
122,25.98
194,37.71
198,25.11
147,39.95
107,30.28
176,35.53
154,34.26
59,30.61
144,26.07
116,38.37
52,21.12
122,30.38
43,30.24
31,30.45
186,38.73
132,28.50
35,31.11
132,22.31
14,38.43
53,33.48
70,38.79
132,23.21
129,20.60
122,31.09
154,30.67
7,40.57
64,23.59
146,20.14
5,42.13
110,34.20
165,27.56
146,22.21
43,22.64
81,38.38
187,32.90
157,22.81
127,35.31
86,31.43
91,28.40
160,42.95
128,41.76
181,40.94
153,38.87
136,28.92
150,41.43
186,35.37
139,43.55
179,37.58
155,29.55
103,33.26
173,38.12
16,28.11
26,42.92
74,30.65
46,27.36
40,22.75
57,37.65
182,33.00
144,40.31
131,41.05
123,38.24
170,34.34
12,21.16
145,21.53
191,21.77
73,34.29
42,28.60
175,43.07
104,43.60
198,25.84
159,30.18
120,25.99
192,32.63
100,31.87
140,27.96
66,41.90
144,38.29
126,25.43
162,34.83
190,36.50
146,27.68
140,33.41
100,27.40
151,39.71
131,33.17
169,28.07
152,39.31
120,37.06
173,38.40
67,31.44
82,42.91
63,26.37
24,39.85
34,37.83
47,37.38
124,25.83
134,27.49
128,36.82
156,29.90
194,36.14
121,20.38
35,41.83
5,35.49
97,30.91
155,32.99
43,35.21
173,34.40
119,22.33
128,42.93
166,42.92
119,36.49
177,22.92
16,35.85
14,29.88
48,22.36
180,43.45
159,29.93
166,37.23
25,33.85
51,37.00
21,37.88
199,40.83
124,40.93
21,31.08
60,42.70
160,20.19
106,28.52
83,33.80
138,31.10
46,38.67
157,20.78
13,23.16
113,43.22
8,23.86
96,20.95
139,35.31
76,34.18
28,20.83
40,35.41
9,25.54
50,40.15
63,43.54
120,28.90
172,37.43
2,23.12
160,23.90
1,40.16
137,22.90
136,43.92
89,41.98
170,21.69
150,25.73
18,41.77
39,42.81
47,33.51
76,40.96
130,31.95
187,20.17
122,28.11
92,31.13
135,23.68
167,24.45
162,36.26
125,29.58
111,32.93
23,34.94
183,38.73
136,24.57
92,36.45
174,28.31
19,30.68
132,26.23
18,33.59
61,28.67
73,25.83
50,31.92
127,39.97
197,40.94
148,32.66
196,43.79
107,30.20
121,35.75
166,27.68
79,41.02
131,37.45
32,41.24
40,22.21
15,27.82
39,42.02
137,43.63
21,42.07
110,40.78
142,38.55
76,37.81
55,31.93
36,23.38
1,39.75
90,42.34
200,36.89
124,28.27
76,39.99
128,34.15
159,25.19
4,42.67
41,24.64
164,21.19
144,27.99
193,22.71
35,25.13
183,29.05
69,29.38
153,25.93
96,32.72
118,22.28
102,40.50
165,27.32
121,31.78
111,35.94
170,35.55
9,43.36
17,37.46
160,41.92
13,42.89
57,26.97
113,43.61
151,24.77
2,41.85
183,27.49
185,42.35
118,23.56
80,21.35
83,40.52
83,25.62
14,34.72
87,30.50
9,21.50
93,27.92
187,28.26
145,36.84
73,25.97
79,38.90
194,25.10
122,42.05
102,32.86
92,40.67
92,28.68
46,43.15
84,29.10
79,20.43
26,31.16
24,35.51
52,37.57
135,36.23
145,36.61
108,21.06
84,29.41
55,31.77
132,36.98
170,32.13
77,43.06
141,38.72
165,31.39
118,31.49
27,42.55
150,30.92
80,33.52
37,29.12
145,21.11
182,35.62
150,22.51
119,22.67
65,38.73
153,23.45
170,31.69
83,29.99
163,38.08
149,31.94
41,23.20
7,27.52
60,32.05
142,29.41
66,29.43
1,29.57
34,41.39
142,43.44
67,39.74
52,20.59
175,34.29
138,35.69
100,23.59
177,38.59
91,34.51
112,39.51
197,26.79
172,35.97
169,41.39
51,25.51
61,35.95
163,27.88
54,31.26
42,32.46
12,35.29
90,27.99
13,30.30
14,38.45
96,39.43
50,25.75
47,43.27
35,34.45
123,26.47
30,35.51
99,32.04
115,37.68
141,20.16
188,40.20
112,29.13
175,35.74
121,41.56
35,27.41
58,20.68
83,36.70
177,21.04
68,27.44
185,25.93
70,24.67
106,21.77
44,32.22
188,41.22
127,39.47
108,23.65
127,24.95
196,35.88
187,40.45
110,27.02
125,34.88
199,30.06
3,34.44
150,30.15
3,30.95
74,34.19
16,35.34
182,43.39
73,25.48
47,37.61
13,27.13
130,31.94
48,40.82
189,35.98
75,37.87
6,24.78
79,34.80
162,43.58
36,22.71
18,22.04
106,31.84
2,32.53
80,28.48
78,26.95
141,26.43
105,25.06
29,24.98
5,42.83
10,34.80
80,34.28
29,32.25
191,41.55
8,39.92
170,40.98
147,37.25
80,24.39
77,40.77
179,23.28
68,23.21
38,40.86
28,37.03
194,25.85
157,34.57
86,28.30
7,35.15
3,31.24
156,27.42
36,22.49
26,34.47
198,21.75
13,32.01
176,24.89
129,38.72
64,20.24
146,35.10
104,21.22
18,26.79
193,33.33
152,42.46
50,37.75
57,22.96
186,34.07
48,41.45
98,37.36
161,29.49
163,24.76
121,23.71
8,38.44
142,22.12
105,34.70
29,38.22
158,28.18
68,21.01
125,39.05
121,32.02
46,32.22
182,20.88
181,34.27
122,41.95
105,34.00
176,39.93
176,32.24
71,32.92
102,30.02
82,28.68
25,41.49
94,31.49
59,36.57
147,26.58
107,30.57
3,34.32
197,30.83
81,33.87
8,34.05
77,37.62
133,20.30
195,30.67
152,30.91
66,35.88
166,21.67
98,33.81
199,37.75
104,28.14
125,30.40
81,21.20
121,38.49
176,43.32
128,35.27
51,33.86
180,35.46
149,36.95
91,23.35
152,38.76
80,39.98
178,43.36
3,23.64
143,43.57
79,37.04
62,43.04
162,22.27
139,35.26
62,38.62
32,23.56
89,31.96
73,37.66
171,33.21
147,26.26
87,22.02
167,23.46
29,21.92
124,32.00
188,34.69
133,40.94
174,35.06
10,29.17
198,36.50
85,27.56
105,33.75
177,31.00
21,40.57
71,33.39
72,30.73
93,37.11
127,23.53
46,42.27
41,29.27
64,32.15
40,39.60
192,20.58
70,43.19
93,28.17
134,34.92
85,43.95
148,27.33
95,38.62
194,33.46
9,21.27
183,23.52
185,36.56
65,22.86
138,34.05
40,43.77
184,25.50
79,40.71
67,27.30
124,37.04
87,21.84
148,21.42
11,34.60
63,25.96
93,43.90
112,37.40
104,40.00
130,21.25
171,43.89
28,33.76
41,21.97
36,31.83
159,37.55
159,32.60
158,23.34
145,34.56
110,42.01
83,27.40
94,24.75
1,29.56
138,28.68
178,20.99
39,39.87
106,27.91
86,40.47
148,43.31
200,22.24
25,30.02
157,20.29
94,30.08
21,25.31
12,35.04
1,38.07
183,37.87
188,32.13
92,22.18
193,39.05
122,41.55
67,43.90
136,34.76
34,34.95
163,30.23
173,36.41
166,23.06
139,43.53
22,23.24
92,43.02
123,32.11
145,26.67
115,24.49
189,39.81
39,21.96
64,26.00
45,36.61
159,21.26
63,20.44
142,28.96
12,28.74
153,21.07
85,43.22
48,43.45
159,29.07
148,28.61
48,25.23
73,33.05
49,22.54
32,22.46
100,32.65
59,39.43
65,32.79
187,33.48
116,25.98
95,23.77
48,23.08
91,31.80
79,21.48
92,27.80
199,32.39
74,41.55
23,22.83
1,32.17
60,34.56
61,26.01
129,20.61
19,39.61
173,32.57
17,30.38
74,38.80
134,33.02
123,37.39
181,37.33
193,27.92
193,23.14
119,28.72
81,36.95
125,28.59
162,20.44
113,30.00
28,32.44
74,24.17
100,35.57
65,40.90
28,43.39
14,31.58
30,28.15
117,41.37
193,29.11
158,37.35
127,25.27
136,26.09
173,27.07
131,22.64
120,42.72
89,34.29
146,43.41
145,24.11
83,23.33
6,31.43
105,33.59
181,42.52
174,27.35
183,42.81
192,41.69
178,41.05
46,26.54
63,30.03
87,30.45
167,25.47
126,24.15
173,34.75
60,39.78
166,23.05
29,26.54
99,25.53
115,21.24
81,40.35
51,37.89
138,28.20
78,40.12
61,34.99
172,23.58
46,26.89
24,37.04
83,38.81
96,27.26
53,34.11
29,28.17
104,30.63
133,25.46
41,28.89
147,28.30
145,34.69
153,20.96
184,20.28
78,41.18
19,21.18
142,29.05
17,29.74
25,24.35
164,29.96
86,30.03
52,32.39
88,27.33
97,37.13
190,40.70
102,25.12
117,34.89
89,27.70
97,25.66
174,32.96
151,37.91
94,38.50
30,25.96
34,25.59
128,23.42
199,34.65
109,28.22
200,30.17
67,25.92
79,21.83
30,31.17
6,36.52
86,21.18
188,29.19
22,25.33
172,36.30
178,38.90
9,39.98
186,33.07
24,26.50
175,30.46
138,36.27
87,29.13
193,42.46
73,41.83
49,43.53
151,23.40
62,28.28
108,21.42
48,42.06
147,43.91
59,23.13
172,29.74
47,24.45
123,36.04
140,27.60
170,39.54
59,36.62
101,29.90
11,20.67
51,39.66
56,28.43
171,29.90
1,31.24
125,31.15
192,22.72
173,27.32
79,42.36
114,39.78
61,41.30
3,39.72
56,36.42
101,41.35
196,41.69
1,42.54
159,25.73
167,32.00
174,35.04
93,32.97
165,30.44
121,40.38
149,40.00
132,22.00
112,36.02
174,33.00
112,25.05
187,39.52
178,32.51
99,29.35
193,27.40
125,39.81
110,40.66
160,42.83
178,38.47
1,43.07
131,22.01
127,28.46
70,35.94
32,35.12
40,37.51
46,29.27
120,23.70
124,38.98
148,34.26
190,24.68
96,30.94
127,41.38
145,22.24
196,20.38
27,28.83
92,31.67
99,25.32
180,24.94
66,24.28
141,25.30
164,21.08
48,39.09
51,30.48
76,34.04
109,40.84
157,27.13
82,25.54
64,23.69
60,28.31
66,38.79
124,39.51
25,34.08
30,35.16
46,21.77
114,37.09
70,36.67
144,32.06
170,32.80
72,41.51
169,35.24
64,43.81
48,27.11
11,31.04
14,36.26
26,30.50
13,34.66
185,20.97
99,33.98
92,33.33
146,22.16
85,24.89
93,35.86
196,43.31
115,33.93
198,26.56
71,37.32
21,20.97
60,32.10
141,24.97
166,23.64
156,24.25
17,31.53
10,38.48
6,25.95
72,21.05
97,35.53
129,36.47
68,25.64
107,28.09
33,40.52
101,29.70
117,27.91
106,23.61
126,41.50
126,36.66
167,40.38
170,39.96
185,38.66
118,41.83
25,41.73
40,32.48
54,37.32
145,34.06
118,35.12
58,37.31
112,24.68
192,26.72
72,21.10
139,42.99
189,27.02
168,22.08
57,31.51
95,22.37
87,30.64
120,29.25
126,41.66
75,25.20
10,42.08
151,34.78
68,35.58
130,42.31
85,21.44
148,23.14
78,26.79
28,28.49
173,42.63
73,27.58
34,37.03
138,22.90
125,30.63
64,22.22
52,31.03
70,38.81
160,36.79
69,25.00
172,30.79
60,30.93
111,35.01
61,35.00
51,26.97
113,20.10
46,33.50
167,23.88
136,23.83
85,32.24
16,41.03
40,28.81
177,33.69
15,39.76
95,23.95
111,26.70
59,34.12
143,36.44
71,21.36
17,28.76
1,35.73
15,40.98
52,26.28
105,27.82
2,43.53
11,31.61
23,36.06
174,28.28
124,35.32
102,37.96
195,41.42
64,39.86
112,33.82
1,35.78
20,28.06
173,31.57
77,25.43
23,43.01
25,25.90
16,27.53
58,39.43
36,38.31
190,20.84
148,36.46
23,37.77
173,26.21
97,28.15
61,38.60
91,22.58
130,33.69
162,23.54
40,25.66
87,30.93
170,29.23
65,33.47
99,22.84
103,35.48
83,21.62
81,29.13
173,37.62
146,28.76
48,34.68
193,28.00
186,31.74
89,38.25
138,22.64
128,26.16
59,30.29
157,31.38
124,26.73
9,29.98
67,21.84
110,39.61
125,20.11
81,20.52
148,34.63
107,27.78
136,29.22
57,35.52
98,22.06
126,38.95
139,22.41
157,26.49
178,27.79
4,32.27
26,42.04
125,42.63
6,39.41
65,40.62
104,35.43
140,33.72
58,28.02
26,28.12
76,26.94
72,27.50
110,36.14
141,32.70
8,24.62
164,30.31
83,23.79
122,29.59
92,26.82
114,35.68
65,26.21
128,29.58
179,41.26
20,23.75
72,24.82
132,30.48
115,39.76
140,25.32
150,30.56
150,40.22
186,38.66
59,25.66
103,22.03
131,24.22
44,22.81
34,34.03
79,37.06
15,37.09
14,25.75
53,38.34
44,29.86
118,25.57
117,24.78
81,20.53
194,42.73
149,35.61
168,35.46
143,23.50
170,25.71
119,37.40
31,40.81
66,23.23
130,23.72
173,28.57
166,37.30
37,23.30
109,21.26
50,28.46
96,30.93
131,28.32
179,37.83
135,23.86
65,40.60
173,31.98
41,24.24
115,22.08
152,37.62
167,26.77
198,26.13
163,24.61
10,36.68
23,42.25
64,26.40
133,26.70
98,26.93
55,32.82
14,37.51
198,39.17
74,34.70
42,36.72
180,22.69
148,28.75
87,25.16
100,24.95
8,23.90
46,34.49
12,40.44
62,42.95
148,21.16
15,21.85
31,31.93
138,36.20
25,42.32
138,32.56
98,37.20
55,24.53
67,43.21
183,23.76
171,30.96
183,25.42
58,21.18
75,41.04
27,35.70
69,20.72
149,37.57
133,32.46
137,28.43
170,20.10
42,31.79
92,23.14
5,20.41
33,21.29
92,32.14
146,21.78
120,28.78
8,26.73
159,32.03
29,25.41
143,23.19
200,26.82
194,27.56
171,29.33
127,30.96
4,25.92
93,40.79
80,41.12
29,38.46
16,43.72
157,35.33
125,31.85
165,33.34
54,30.53
111,26.41
176,28.84
63,41.53
25,25.34
26,30.93
170,34.34
18,35.24
60,40.10
192,23.02
31,29.31
27,37.32
64,24.64
191,26.77
9,32.27
191,38.78
56,29.82
194,38.07
1,20.32
28,24.38
106,26.30
149,30.58
31,21.51
53,42.88
109,34.43
58,21.50
19,43.91
169,20.80
47,21.08
14,32.30
174,43.38
195,31.40
196,32.78
143,35.64
19,39.88
77,27.61
132,38.69
12,21.62
126,32.13
85,36.01
98,38.73
172,33.89
92,27.46
44,31.17
138,41.52
69,42.09
89,34.63
167,23.38
100,33.87
177,28.53
136,25.45
101,43.20
66,37.58
153,27.62
153,20.13
13,38.57
45,41.31
134,41.59
141,42.63
78,24.96
77,34.97
113,31.17
45,35.40
195,39.88
63,32.29
62,21.40
177,43.41
148,26.77
26,26.17
1,34.68
155,22.27
91,22.44
181,33.29
157,26.24
198,27.71
129,20.05
78,24.87
179,20.26
87,33.39
190,40.57
196,25.84
29,32.16
17,39.06
142,42.01
77,44.00
116,31.61
85,36.21
4,29.51
199,22.07
100,37.59
14,43.66
99,24.24
173,37.77
119,23.55
91,37.19
112,22.74
157,24.41
116,42.43
164,41.04
81,42.75
5,26.73
194,36.14
145,37.82
109,28.28
58,24.88
52,31.89
14,32.67
66,20.37
17,30.92
143,39.47
125,26.09
189,25.95
21,29.63
152,31.18
53,40.41
9,26.56
17,36.84
84,28.49
53,33.13
25,30.92
74,33.16
49,24.15
60,28.31
104,34.80
172,43.87
129,41.38
129,30.66
33,31.47
96,27.24
117,25.23
137,31.29
180,23.09
172,23.38
69,36.30
52,31.46
162,43.86
29,36.21
119,40.56
59,23.30
165,28.98
147,20.21
198,25.12
169,25.74
111,32.09
166,33.09
34,26.18
149,27.84
65,21.38
53,37.23
52,20.42
171,37.01
11,43.10
91,37.24
111,37.71
60,37.20
185,42.91
9,31.08
180,34.23
24,34.04
21,30.02
53,27.27
116,25.53
52,25.10
170,21.21
47,42.55
11,22.42
94,42.03
134,26.47
177,35.07
186,42.39
52,21.58
99,39.59
148,28.45
87,27.42
184,23.58
20,27.12
26,24.48
185,24.29
109,34.03
83,43.52
11,23.84
26,40.87
120,37.66
106,33.02
139,32.86
110,31.04
86,22.05
7,33.03
34,43.34
181,26.68
49,35.66
169,43.02
64,41.73
158,28.14
152,43.49
164,21.09
195,43.96
53,27.95
100,27.27
55,27.72
1,24.55
125,32.39
196,22.98
47,33.55
74,34.06
110,34.62
38,34.47
23,43.79
194,42.28
96,22.55
61,24.56
8,27.56
14,40.27
26,39.32
25,30.21
179,32.64
31,42.64
97,29.63
80,31.68
168,32.62
157,43.45
124,28.83
149,36.48
35,41.46
152,26.73
118,21.80
107,20.92
33,38.95
11,21.72
111,37.27
165,32.24
123,32.36
94,22.09
167,41.70
165,28.90
13,26.05
20,40.55
4,36.71
123,29.37
90,41.23
139,41.44
7,30.96
171,24.21
166,25.61
19,36.05
98,34.84
117,39.49
102,36.14
165,26.55
170,27.92
88,35.59
108,33.15
29,26.27
19,34.61
87,31.26
1,24.17
144,40.33
180,23.20
148,22.93
131,34.40
168,25.15
130,34.12
132,25.58
3,33.80
57,30.14
175,27.22
96,39.08
77,37.25
149,29.67
94,34.06
10,32.67
31,29.25
186,27.64
167,30.29
145,22.52
26,43.03
127,30.28
125,39.61
148,22.57
19,38.26
87,22.59
41,25.38
17,21.67
34,30.45
117,29.73
149,35.93
132,32.93
144,38.83
150,20.37
99,28.64
71,37.89
91,25.52
24,26.07
138,27.51
147,29.93
81,27.35
149,24.34
168,20.05
42,39.57
145,24.04
42,20.66
142,43.40
123,42.63
54,39.52
5,21.53
108,21.11
180,29.20
189,25.62
140,41.57
147,26.60
98,33.08
27,43.66
17,40.94
191,29.94
154,23.98
125,25.73
134,38.33
34,35.06
60,37.09
30,37.16
110,25.21
13,32.52
145,31.59
53,25.67
172,25.04
165,32.86
72,20.94
71,20.66
65,28.10
198,21.39
98,40.21
68,43.17
101,28.91
66,34.29
69,23.79
157,24.84
150,30.47
2,41.57
18,25.95
140,21.36
23,42.36
40,36.90
80,28.80
149,39.89
17,35.50
154,40.84
86,32.82
155,25.91
167,27.62
81,39.92
132,42.51
198,33.34
192,31.20
96,31.63
125,38.93
160,29.37
69,42.84
81,36.40
190,21.69
30,26.39
98,38.86
64,38.55
86,37.19
86,30.27
99,35.00
137,34.77
97,20.12
199,21.57
137,22.02
53,36.03
17,32.21
162,36.79
102,41.47
93,24.82
148,20.35
147,31.99
150,29.21
190,41.40
110,37.40
18,42.00
10,29.87
127,24.80
29,34.37
199,29.61
188,20.02
136,43.05
146,25.04
78,22.46
196,39.39
126,32.08
38,30.58
100,32.37
75,31.98
186,24.59
156,22.91
100,43.57
43,36.22
181,34.37
149,42.78
102,40.15
101,29.15
188,34.80
181,30.92
122,25.66
142,43.65
47,30.80
143,40.06
143,31.00
102,41.41
91,28.98
126,30.30
96,27.49
62,37.12
183,20.33
21,32.20
163,32.96
150,38.57
99,22.75
64,41.97
29,24.88
166,32.67
25,20.41
69,34.72
148,36.55
155,21.31
65,40.46
73,31.56
114,29.34
163,33.22
35,22.36
175,42.65
197,35.10
80,34.79
157,38.20
41,20.15
72,24.42
76,39.22
40,35.18
151,32.96
165,36.65
130,28.49
73,41.84
109,43.51
158,33.31
92,37.72
77,41.58
166,28.50
173,27.12
110,41.54
86,39.44
16,33.00
84,27.50
132,43.65
159,26.55
116,31.28
124,33.24
79,34.40
148,43.93
158,23.14
126,29.55
174,41.35
55,31.70
79,41.21
133,40.50
105,29.08
26,41.41
164,22.69
125,29.25
75,37.51
3,20.04
189,37.45
127,23.64
33,23.61
123,38.66
39,43.12
191,31.43
128,26.21
187,26.99
34,35.95
18,20.62
68,24.38
152,41.37
87,29.35
123,26.88
136,21.45
121,38.17
26,27.24
187,21.99
39,36.40
132,36.20
93,36.08
116,28.06
18,28.81
163,29.67
186,39.99
95,32.18
30,28.98
193,24.63
106,41.90
180,43.88
149,36.86
91,38.00
89,41.10
129,41.51
15,25.54
51,27.30
22,36.05
199,36.25
9,32.22
101,42.65
107,28.95
122,26.58
112,26.08
136,34.92
156,21.00
153,29.05
44,31.42
83,28.54
122,23.12
116,39.02
140,34.04
72,36.01
169,30.50
34,35.25
163,26.12
185,28.08
114,43.39
16,34.46
133,21.73
28,34.74
140,31.43
171,31.30
67,29.26
48,29.66
92,34.08
59,31.84
101,27.45
110,26.00
12,24.79
154,30.73
137,23.15
117,29.13
20,31.31
151,26.45
83,24.15
140,39.55
85,33.08
127,32.29
76,31.94
142,32.33
10,35.12
69,41.64
147,42.36
113,30.42
134,36.73
101,34.81
183,32.51
130,42.44
73,37.71
94,32.21
77,21.89
22,35.81
39,43.67
176,27.31
117,26.50
108,22.79
102,22.91
44,39.01
33,34.87
7,26.40
169,20.16
197,40.98
181,36.63
53,21.48
195,43.73
164,37.49
39,29.51
41,30.52
50,23.32
128,32.09
62,21.12
94,24.09
36,21.47
115,40.20
26,30.97
192,28.14
70,24.55
53,27.69
33,36.42
184,43.00
63,28.42
81,41.45
9,34.24
15,37.51
128,34.00
111,29.94
37,32.62
116,24.81
104,20.94
101,32.93
150,40.48
130,37.02
123,33.27
111,20.36
87,20.58
176,23.96
196,39.98
37,34.26
104,40.97
120,34.15
77,41.73
75,21.01
65,27.68
77,35.21
11,28.00
117,28.65
60,21.08
23,25.20
165,31.49
37,36.68
100,26.95
76,36.60
65,35.66
6,30.50
44,24.45
126,20.54
104,36.81
162,40.54
25,24.03
44,26.18
128,21.57
187,43.04
11,24.23
197,31.93
126,22.40
111,26.71
142,38.61
89,23.96
193,25.89
196,22.16
191,28.31
199,34.54
150,24.06
162,32.04
84,37.92
78,32.97
1,25.94
53,41.78
171,42.44
3,41.76
130,22.83
116,23.21
127,28.23
29,34.74
106,36.44
123,20.43
45,30.62
89,38.64
68,35.44
75,40.52
195,20.43
117,42.45
143,26.17
147,37.05
151,30.53
194,23.23
196,32.19
168,30.12
107,38.35
95,32.44
172,32.83
149,32.39
135,35.88
17,35.40
6,21.06
44,25.44
127,34.14
125,39.68
71,43.31
161,37.69
57,27.87
65,28.52
27,43.96
129,37.05
108,37.58
153,39.20
104,38.41
99,36.21
29,26.03
128,20.96
128,28.55
65,30.70
134,42.95
89,30.35
136,34.78
178,38.47
112,39.07
20,20.47
162,33.96
78,34.04
113,36.62
87,39.24
70,28.45
143,26.78
7,22.53
3,32.79
111,39.26
48,41.56
93,23.09
146,25.67
118,42.26
24,36.52
68,32.75
188,28.08
80,38.17
130,28.03
112,28.51
7,23.88
149,30.66
98,31.64
178,37.25
38,39.96
155,42.39
28,39.22
10,35.63
116,34.32
149,43.52
95,41.51
167,40.42
99,23.48
55,31.57
116,26.78
179,33.31
50,36.17
150,42.54
12,34.57
4,23.61
148,29.91
7,27.28
118,27.09
167,41.00
30,20.19
1,22.37
127,29.80
35,33.01
150,21.49
127,21.56
47,43.86
19,40.80
39,35.48
2,27.20
43,20.63
134,41.65
96,41.89
186,32.67
98,23.69
43,28.23
99,25.83
184,23.59
175,30.11
57,31.61
168,20.46
155,37.62
113,43.63
111,40.33
126,31.91
97,41.19
30,28.12
12,29.97
169,24.81
79,33.10
41,43.94
57,25.16
7,20.92
86,32.83
38,28.88
44,31.43
117,21.92
8,26.85
71,21.19
179,20.89
127,32.85
135,42.19
61,21.86
50,38.06
198,24.33
91,30.14
84,30.40
119,28.60
175,40.67
68,20.28
134,31.76
123,36.79
130,41.61
146,21.66
45,37.99
73,22.56
98,40.33
51,24.36
159,22.17
6,21.23
163,28.39
31,35.16
84,23.89
169,28.33
54,31.16
49,32.98
145,30.91
20,27.03
52,23.84
94,26.19
147,41.31
97,23.98
172,28.05
51,39.99
132,25.78
151,29.42
33,23.94
37,25.04
47,39.05
143,40.46
24,25.01
182,30.09
77,25.63
64,39.30
167,23.62
147,37.73
157,32.66
44,41.85
64,38.60
132,37.61
43,36.29
80,35.94
56,32.84
29,34.38
43,34.58
141,27.74
154,36.83
186,34.38
176,31.80
105,35.19
184,36.68
60,21.29
199,23.99
55,29.74
32,32.01
44,23.47
11,34.82
98,37.22
8,37.28
127,22.42
185,43.61
15,25.00
47,35.26
91,33.29
163,32.91
172,37.63
65,28.71
86,33.71
195,22.97
95,40.92
66,35.66
103,22.08
56,41.85
87,25.38
31,37.12
59,30.59
146,34.98
28,25.67
116,37.21
131,41.13
31,30.95
53,28.47
41,25.98
38,22.98
74,41.90
3,28.35
89,33.93
28,35.70
107,21.59
25,32.11
65,36.74
41,36.47
199,32.68
84,39.42
106,41.97
11,40.88
41,38.87
142,27.43
126,39.71
7,26.95
97,37.98
109,26.28
52,30.36
181,20.39
40,20.73
158,36.35
94,41.90
100,26.32
182,23.74
75,22.77
95,40.18
61,42.32
168,32.25
9,20.78
179,21.41
163,26.43
196,23.70
76,28.13
98,33.37
191,38.85
105,37.45
18,35.49
22,37.84
144,39.85
143,34.17
146,40.62
163,43.37
55,32.56
69,29.13
54,28.07
195,35.41
83,43.66
143,38.85
154,37.76
41,25.71
144,34.59
68,26.37
58,41.59
146,27.04
110,26.48
28,34.67
92,33.20
98,36.20
129,29.94
152,31.25
70,30.61
18,22.64
137,33.82
159,37.00
127,30.07
16,29.92
194,21.17
112,35.74
160,22.88
163,34.89
38,35.77
193,41.38
13,43.13
26,33.23
138,22.96
52,37.09
150,30.71
92,35.58
93,35.57
72,27.81
57,27.95
186,36.50
113,26.98
141,41.78
178,22.92
123,37.20
140,43.29
44,22.55
23,33.89
40,20.36
118,38.87
144,31.56
97,38.10
52,33.64
45,23.82
12,43.71
192,38.86
19,29.66
81,42.95
82,35.66
133,39.49
32,24.51
129,39.17
100,37.70
4,23.09
170,31.82
183,29.07
80,25.98
118,37.95
82,24.97
69,43.74
11,29.25
52,26.02
116,37.13
9,31.46
194,30.56
64,21.98
27,35.56
70,34.77
21,39.29
79,29.34
116,34.27
13,22.76
38,40.92
187,31.42
9,34.85
38,29.09
146,21.39
36,33.85
50,36.58
81,25.19
194,27.80
5,29.61
11,22.64
15,40.65
160,31.99
115,22.02
83,35.51
42,20.87
148,41.17
17,25.14
81,38.97
56,21.06
12,31.51
112,21.84
188,24.27
15,22.85
153,33.86
93,26.99
51,23.95
145,39.63
61,27.19
63,33.22
96,29.33
66,31.00
98,32.30
56,37.75
41,23.89
168,24.14
184,34.33
167,32.73
149,23.79
72,32.56
199,32.37
12,25.21
103,43.56
184,31.43
160,21.48
143,43.70
39,42.90
108,29.20
4,33.11
21,25.10
130,34.87
160,31.78
189,27.41
4,34.11
114,38.00
30,20.20
65,25.88
116,22.45
125,41.12
91,38.20
92,40.52
194,29.87
89,29.79
173,28.90
181,42.38
194,33.72
171,32.40
115,39.23
24,38.28
93,42.05
143,34.96
131,43.59
65,24.00
51,22.28
113,32.22
72,41.05
23,40.91
77,35.84
87,36.83
95,27.79
62,22.16
101,28.33
92,21.51
63,41.92
126,21.65
94,31.66
117,30.79
6,41.12
57,28.34
7,29.74
173,37.59
12,37.65
30,36.47
167,38.00
39,30.68
143,31.71
42,29.76
52,41.96
145,27.62
76,25.82
110,34.19
42,21.90
23,24.26
88,34.65
123,35.83
80,34.33
92,21.54
138,20.27
88,33.86
128,23.14
150,40.42
145,20.93
150,32.79
79,30.64
175,41.04
153,36.55
143,22.89
196,39.61
152,23.51
189,33.65
156,27.97
4,21.25
7,31.33
164,30.78
18,40.44
115,38.27
185,35.27
42,42.03
36,31.60
121,32.98
90,38.54
49,41.37
150,27.22
187,41.51
150,24.68
43,37.09
111,27.34
147,37.02
189,30.52
95,40.18
136,36.63
94,36.10
37,37.34
96,27.70
129,20.56
61,34.75
174,32.36
123,30.19
8,39.33
163,24.01
75,38.20
109,26.86
113,39.04
154,36.23
77,37.37
64,38.41
148,42.20
165,30.29
198,38.11
81,38.64
195,38.77
25,27.42
78,35.76
82,24.86
98,38.96
113,34.18
161,40.62
19,40.65
15,31.62
63,43.79
170,23.71
121,34.89
195,30.02
78,33.77
57,28.66
82,25.26
160,30.08
16,24.37
11,23.19
161,28.75
67,32.83
124,29.60
19,24.23
20,41.69
178,28.68
38,27.18
34,32.29
28,34.04
89,41.98
183,35.35
136,41.36
111,39.09
121,27.91
4,32.81
60,33.32
106,32.93
129,43.48
79,40.58
110,28.59
48,41.45
153,37.67
122,27.99
19,26.18
3,41.43
10,28.23
154,20.65
148,24.72
127,41.54
161,23.07
147,28.64
63,28.33
81,38.92
10,21.86
72,32.70
102,23.91
133,37.12
65,21.43
94,30.90
54,23.20
102,38.47
161,32.41
156,21.37
12,40.78
21,40.89
153,43.49
149,37.21
132,40.27
125,41.69
71,28.23
35,28.94
16,35.36
79,39.93
181,25.76
69,20.41
118,30.63
41,25.37
32,35.16
57,26.60
80,42.68
102,28.04
12,22.77
105,39.35
188,42.28
151,38.58
84,22.93
93,25.58
193,20.20
185,32.80
138,23.70
19,24.43
134,38.80
146,43.87
120,20.46
41,21.03
26,41.01
120,36.41
29,28.50
82,39.04
138,37.21
106,20.55
61,28.14
40,39.85
102,35.25
33,37.19
152,41.33
17,21.06
96,23.10
145,27.70
131,43.54
147,20.24
182,20.95
132,20.95
56,25.84
30,38.16
105,23.08
70,39.53
18,36.23
162,32.82
164,42.55
132,29.61
6,33.63
154,32.41
58,34.67
173,40.32
133,22.29
128,31.10
155,22.43
178,33.65
200,33.82
87,32.61
29,27.67
180,28.72
9,25.50
85,43.13
175,34.56
79,22.36
9,27.53
110,28.55
20,24.23
151,40.63
30,21.78
14,43.26
164,29.71
133,39.34
46,42.80
13,34.77
123,36.70
60,31.54
82,27.04
39,39.42
44,24.07
175,33.66
103,35.53
159,32.87
62,28.37
8,40.50
194,22.35
23,42.51
146,37.16
70,31.80
150,33.32
139,26.62
112,33.19
101,25.40
105,23.83
55,41.19
47,43.97
94,25.25
75,25.14
167,25.61
185,22.99
61,34.46
141,38.67
156,41.28
197,31.02
89,22.76
115,41.98
76,20.92
61,39.74
80,43.41
4,42.16
94,43.59
30,20.59
189,39.42
160,37.76
13,39.64
108,40.00
47,26.96
135,39.31
85,42.81
39,21.35
141,32.20
115,41.96
162,23.28
11,29.28
40,20.46
17,41.64
139,23.11
18,24.60
20,27.24
129,21.25
136,21.45
37,22.10
170,31.97
144,28.94
38,30.38
6,32.12
169,20.11
196,40.48
62,27.21
134,20.97
101,20.19
31,35.46
83,24.06
85,37.89
4,40.09
44,30.65
67,38.57
66,35.51
40,41.23
137,28.64
59,41.47
173,21.35
27,40.53
68,35.31
100,32.39
115,21.70
110,43.75
11,32.39
25,36.23
4,42.01
191,28.61
135,27.72
194,34.11
84,21.85
120,29.70
78,21.11
3,42.43
106,21.26
4,20.84
59,42.21
137,39.96
25,37.29
195,40.22
45,34.74
110,24.72
37,36.80
54,30.83
147,41.77
80,43.93
127,29.56
171,26.50
131,34.56
129,30.32
115,23.80
91,20.59
14,40.42
131,41.30
44,33.68
62,20.78
147,30.66
132,25.81
159,35.20
151,22.30
70,39.33
12,26.08
108,23.75
162,37.90
162,28.60
8,21.37
98,41.64
185,29.01
194,36.90
98,20.15
191,37.03
142,37.48
183,41.11
131,42.40
74,42.72
7,24.33
1,43.28
108,21.31
63,37.36
158,29.51
48,33.58
122,30.30
69,20.49
66,30.95
52,23.00
139,20.55
54,22.91
178,35.22
105,43.91
128,28.14
181,41.34
33,40.49
160,20.42
84,23.01
48,21.33
18,31.11
84,24.66
135,39.55
2,40.33
123,39.86
35,33.75
186,22.83
147,23.72
91,33.43
148,40.51
41,22.54
28,39.16
41,41.70
199,20.08
170,37.29
98,28.72
3,41.18
35,25.19
45,23.60
60,37.48
178,26.72
111,26.91
111,39.59
165,43.46
33,31.36
75,33.51
183,23.19
92,27.36
135,21.90
187,40.13
112,21.34
91,25.37
142,37.69
131,39.34
139,31.80
34,40.25
23,20.36
61,35.30
174,20.74
18,28.22
196,40.01
8,29.81
51,32.77
118,35.89
138,20.12
60,33.75
63,20.50
43,21.38
74,31.02
14,42.43
26,23.29
185,39.68
50,26.50
9,38.47
31,29.41
120,28.28
109,23.70
188,26.15
172,40.97
196,27.97
168,41.44
167,28.59
161,27.11
136,38.37
184,24.06
108,26.76
145,20.66
185,37.27
145,39.92
87,31.58
20,24.61
33,22.70
200,32.90
174,32.97
60,26.56
195,20.50
131,21.49
164,22.84
146,28.99
113,27.48
141,39.87
26,40.51
8,30.81
78,38.60
85,23.83
147,21.77
182,43.63
112,36.57
130,20.22
169,25.75
119,27.93
175,31.41
138,43.15
86,32.42
88,28.17
103,35.82
120,22.96
79,31.56
83,21.40
129,31.29
155,40.84
112,23.46
170,20.99
162,26.30
42,21.94
74,34.06
49,27.13
22,32.66
15,29.06
180,23.09
2,40.01
88,22.17
132,41.29
56,41.04
165,26.69
104,26.69
99,42.55
47,37.70
109,23.92
136,30.54
129,33.78
185,34.77
84,20.59
185,35.80
191,40.55
51,34.53
89,26.46
107,43.48
168,25.60
194,26.13
88,40.58
136,30.46
4,25.40
2,22.56
26,39.75
1,41.28
34,33.18
60,36.71
149,43.75
38,39.88
40,25.85
53,36.29
192,41.84
139,33.62
183,29.00
47,34.80
168,41.22
14,38.11
113,30.94
192,25.53
58,35.26
193,36.94
175,25.19
100,22.28
161,43.78
146,35.12
7,39.60
6,37.61
122,28.51
73,22.02
195,37.93
120,26.00
53,30.82
184,33.00
170,25.87
149,25.60
59,30.67
96,33.09
140,32.69
77,41.82
71,26.56
43,40.35
14,28.61
90,43.05
36,32.65
108,29.33
186,28.87
7,31.09
89,37.84
19,25.79
52,25.55
2,21.70
185,34.46
126,40.84
64,22.37
39,34.24
125,23.15
145,35.94
131,27.91
175,23.72
67,22.25
198,22.32
57,26.78
21,29.64
118,34.83
109,40.07
102,36.44
100,30.56
199,35.64
16,30.94
91,32.21
5,42.51
175,29.46
22,23.12
49,36.44
146,32.97
20,23.87
35,43.30
1,38.83
197,24.00
123,33.11
122,42.75
198,29.32
139,22.63
18,35.37
197,39.14
83,25.11
130,39.45
27,36.67
191,23.60
91,28.43
108,24.19
184,42.55
86,35.22
143,34.78
116,40.38
186,23.67
31,43.80
108,29.48
8,21.18
10,27.08
17,36.00
197,24.81
195,34.68
72,40.32
98,34.50
47,21.47
142,23.11
131,33.31
142,20.57
130,35.88
191,25.16
111,20.11
65,34.91
190,37.32
40,29.63
166,26.89
3,22.94
112,24.48
40,38.42
93,36.84
199,30.38
188,32.24
72,30.43
40,34.36
86,24.17
164,21.87
151,37.77
134,22.39
26,31.94
61,22.74
150,24.18
175,27.80
47,33.55
132,26.68
184,41.93
197,30.25
163,21.43
198,36.99
66,41.43
59,31.77
6,42.51
129,26.60
9,20.03
9,36.71
79,43.94
134,21.58
40,42.47
18,36.07
69,41.57
3,38.23
26,22.38
36,42.39
3,25.99
35,23.30
53,30.24
87,23.67
123,34.22
185,36.79
165,22.39
8,31.14
113,25.67
196,37.54
45,30.29
110,28.13
51,40.91
182,34.91
55,41.59
194,26.75
90,34.55
97,34.02
85,29.66
151,25.80
49,27.88
193,25.00
85,40.78
171,33.82
31,31.03
12,31.75
48,31.00
29,29.56
143,37.13
133,27.05
78,25.44
20,37.75
169,32.08
77,34.02
59,28.13
15,42.85
47,40.06
24,31.94
121,36.59
134,27.94
20,43.97
108,35.27
18,35.65
93,39.86
148,38.01
43,27.06
55,21.44
153,31.12
8,31.23
196,25.88
25,30.92
6,42.02
50,22.91
196,25.18
53,25.90
57,35.84
156,28.14
162,43.42
84,43.72
148,34.71
175,25.09
111,26.77
48,21.51
6,20.27
13,35.92
66,36.28
114,31.72
68,36.10
66,42.84
118,22.87
109,39.96
146,30.72
104,35.22
8,36.62
197,24.91
105,34.94
32,35.43
57,29.26
13,20.09
141,28.32
170,41.30
5,38.62
53,24.03
16,38.33
63,29.56
7,31.71
191,25.36
31,40.95
52,38.53
66,38.96
27,37.33
187,22.86
157,25.65
20,38.80
105,40.26
31,23.80
84,32.20
107,23.70
70,41.76
73,20.99
57,35.57
6,23.12
95,43.14
98,36.95
106,35.77
135,33.94
115,29.70
56,30.44
64,22.68
161,22.63
123,30.77
8,40.90
129,38.12
55,29.40
131,27.60
108,39.24
119,26.28
151,23.79
125,23.87
77,25.99
121,39.65
19,43.00
137,28.97
38,21.12
157,35.54
37,29.51
169,42.26
41,27.53
106,30.01
134,38.18
141,24.86
64,31.25
100,24.20
160,22.78
157,21.22
194,34.78
146,21.16
167,23.22
137,37.99
76,30.39
89,40.07
66,43.83
151,28.13
3,29.95
175,28.81
58,35.07
2,27.11
139,35.83
37,34.24
102,20.31
5,32.99
73,28.60
180,20.17
178,28.26
165,35.95
26,37.62
30,21.70
176,29.90
37,35.05
53,24.47
172,31.22
4,22.06
134,22.30
95,38.68
153,42.79
177,22.56
48,32.72
4,42.16
89,31.99
68,43.80
91,36.70
141,28.85
21,33.58
6,38.16
92,30.28
147,21.73
186,29.04
56,38.94
128,21.17
70,28.69
58,22.46
108,30.11
79,38.24
181,23.78
95,27.11
163,27.40
130,24.99
136,37.31
125,37.19
48,36.97
52,34.88
104,29.66
10,33.46
76,43.00
99,20.34
46,40.86
98,29.35
158,27.08
181,20.51
130,23.29
166,39.93
128,27.04
104,35.18
116,23.47
180,23.87
145,36.03
192,30.13
3,28.44
155,40.27
153,24.40
197,21.39
144,20.39
10,37.61
10,34.10
162,31.27
196,28.43
200,34.36
110,41.54
178,41.29
82,25.61
88,20.09
174,22.22
4,30.32
169,30.27
19,24.04
182,20.76
141,25.50
100,39.73
51,21.96
46,42.89
196,42.85
37,27.55
65,22.14
28,37.37
50,43.84
44,31.26
68,30.04
37,35.81
100,32.28
129,38.12
21,33.20
1,36.76
36,29.52
170,38.68
76,26.56
42,37.78
177,36.30
39,20.82
55,43.16
76,38.03
111,35.57
159,36.94
113,22.64
39,38.14
56,35.83
165,33.60
156,38.51
200,30.62
68,21.20
2,42.25
104,37.27
63,41.07
109,20.57
139,39.20
66,42.44
109,33.69
109,43.63
119,26.60
189,34.41
110,24.81
29,26.11
183,27.40
83,35.82
84,29.99
20,34.85
153,30.13
120,39.27
168,32.68
110,39.09
90,21.51
127,24.74
187,22.84
1,38.13
88,33.10
171,41.88
158,21.70
10,33.60
22,34.15
33,24.12
170,33.14
32,25.85
191,25.75
7,40.63
4,29.97
18,36.59
94,37.88
1,24.30
181,35.38
9,31.12
144,38.22
83,39.87
184,40.49
125,21.38
157,23.50
121,24.34
112,24.95
75,43.70
83,20.28
119,40.97
24,21.87
54,29.93
32,42.79
73,34.84
122,33.26
153,21.59
185,29.65
99,41.93
149,42.78
113,41.01
125,37.66
132,33.29
77,27.14
93,29.06
180,34.89
91,25.10
133,24.00
41,27.13
150,23.03
144,21.79
155,25.02
125,33.44
166,30.53
33,43.53
26,42.07
173,28.85
182,20.69
179,20.05
54,40.09
102,39.82
38,20.74
154,43.71
115,42.84
93,27.60
46,35.99
82,32.39
11,42.75
99,41.96
73,41.08
78,28.32
192,25.64
64,39.85
101,33.77
96,37.22
45,38.53
102,43.71
13,37.21
106,26.45
80,21.52
142,23.68
90,36.92
199,27.15
21,25.24
143,22.86
187,28.53
168,28.93
33,32.93
1,39.53
29,34.62
90,21.37
179,36.78
198,36.81
2,42.08
113,35.35
118,25.11
43,39.85
74,38.88
147,40.35
45,33.31
182,43.17
120,40.75
191,38.46
63,29.45
124,23.38
169,28.65
31,25.39
91,20.86
195,20.41
152,21.16
58,27.97
192,38.53
144,20.82
170,33.46
180,25.18
95,21.12
159,34.45
169,30.24
131,43.38
77,28.77
190,31.58
107,28.77
124,24.77
159,31.00
176,43.32
71,20.22
2,37.37
16,21.81
111,37.57
178,40.24
48,43.89
80,29.66
152,34.03
137,28.34
96,40.73
72,27.96
105,22.08
148,34.68
149,21.18
3,27.09
92,42.36
43,29.88
4,32.92
133,22.80
156,20.49
191,34.85
113,26.21
154,38.26
22,36.92
31,25.29
50,26.52
108,43.80
149,41.70
144,22.26
88,40.33
172,37.64
154,38.34
25,23.88
150,29.12
200,34.15
34,35.65
86,20.88
34,27.13
173,39.93
200,26.99
74,41.58
68,27.92
143,30.50
196,27.14
2,24.09
69,32.62
110,25.96
139,23.99
83,32.58
154,43.04
129,22.76
13,36.72
94,41.56
192,32.85
12,22.06
144,28.89
103,39.46
30,42.81
42,22.88
149,35.20
198,20.75
64,42.60
189,23.17
132,23.22
129,41.83
188,23.70
46,39.79
159,38.73
10,38.33
7,39.40
190,35.33
76,21.05
129,36.33
77,28.92
26,22.20
90,30.70
139,28.49
47,34.41
142,23.50
37,25.62
12,35.46
187,32.18
2,28.67
194,27.21
68,28.46
171,39.99
192,30.02
87,38.24
105,30.10
120,38.81
125,31.32
123,24.21
35,22.55
63,20.90
69,28.04
39,42.37
29,36.91
89,31.02
130,27.71
140,20.07
134,26.74
147,24.97
32,26.12
188,20.66
159,37.77
18,31.47
82,32.26
174,42.59
92,23.16
77,32.99
93,35.19
111,24.49
5,37.66
159,30.22
62,40.43
1,27.81
139,20.16
38,20.30
91,25.27
167,25.08
65,23.49
93,25.22
63,41.96
197,29.68
34,35.08
51,33.14
198,20.86
76,32.13
35,30.20
43,20.38
141,20.10
15,40.86
99,43.70
8,38.77
196,41.62
54,21.58
193,22.43
12,27.69
111,29.80
46,27.26
24,34.93
113,28.82
27,39.42
124,43.47
33,33.57
33,33.60
192,33.40
56,37.98
176,29.25
189,22.75
143,42.51
183,31.49
194,39.62
127,21.51
172,23.07
92,36.67
8,24.90
32,22.66
36,26.47
190,41.81
143,32.97
155,23.22
193,20.21
19,39.58
79,27.75
1,33.47
137,22.63
128,26.35
6,28.95
26,34.32
166,39.62
5,25.22
137,26.17
37,43.22
29,27.99
101,32.74
184,37.88
16,43.18
185,29.89
53,36.01
136,20.94
164,43.46
15,33.78
146,43.40
195,40.02
144,25.97
169,41.77
86,39.29
165,26.45
44,22.27
137,30.62
18,32.45
60,28.32
27,30.22
173,35.50
79,21.67
32,42.61
23,31.79
188,36.44
1,36.76
68,32.05
73,41.37
87,39.54
83,28.67
40,30.61
24,38.21
96,43.79
157,40.86
74,36.73
151,36.34
53,42.15
175,21.49
70,23.51
16,38.24
56,26.73
199,25.93
35,26.96
104,24.42
62,29.73
20,25.32
72,27.11
29,23.15
95,43.00
102,43.85
81,32.21
95,41.59
113,35.76
76,27.63
41,28.59
26,30.63
89,35.89
197,41.86
38,34.15
23,28.67
90,27.06
132,43.90
85,34.94
15,26.05
73,33.28
168,36.01
139,27.29
42,21.01
127,38.93
149,34.73
13,38.68
58,40.59
86,22.96
47,33.84
33,39.42
24,38.95
37,35.04
3,28.61
59,28.68
128,38.39
97,38.40
27,39.05
33,22.37
4,21.66
7,38.21
98,28.10
122,23.28
124,43.36
100,27.28
111,23.46
193,26.11
121,30.39
127,34.11
115,24.26
12,43.04
169,39.02
88,22.67
178,38.90
188,31.33
27,35.64
133,26.61
9,36.14
71,21.73
169,22.89
67,33.46
193,24.46
125,34.97
165,41.08
126,42.55
157,30.14
178,22.41
135,25.03
73,39.88
39,22.27
35,33.87
177,24.60
56,22.45
100,36.86
75,29.92
191,25.31
137,43.52
130,43.79
132,31.66
106,31.54
96,39.15
68,22.09
151,39.58
12,31.94
195,35.79
151,22.66
97,24.25
130,33.01
133,28.47
63,27.26
131,39.57
87,27.18
158,41.32
19,22.51
127,27.80
9,28.90
166,32.62
114,34.21
7,40.61
200,28.25
162,28.18
196,35.42
46,27.87
24,26.50
150,23.80
120,43.85
62,22.49
32,21.41
76,23.72
181,24.81
49,36.89
13,34.48
150,35.51
25,30.66
62,24.14
29,21.17
2,32.16
78,40.33
183,34.69
188,34.38
65,42.64
143,26.42
162,25.98
107,34.63
176,43.43
143,33.84
62,42.67
51,22.03
68,35.23
195,27.00
5,24.15
189,32.55
130,36.71
138,26.90
99,22.36
198,33.23
18,28.32
1,24.97
54,41.37
151,23.66
137,41.99
60,33.53
20,42.79
109,22.53
100,26.03
189,37.73
71,29.30
37,32.89
33,33.84
171,35.81
164,42.57
129,26.58
191,43.41
151,25.07
149,20.79
116,38.25
104,30.08
105,43.04
98,37.90
83,29.25
96,26.34
156,28.03
91,30.03
2,22.68
140,20.01
192,26.48
108,28.42
128,38.16
129,35.25
69,24.69
90,39.99
170,25.43
150,30.23
140,24.62
135,43.82
37,21.87
97,39.29
97,34.39
91,38.80
80,38.02
197,41.61
114,35.65
183,38.16
160,32.16
87,27.01
109,21.39
63,26.83
167,40.06
62,39.27
39,22.11
13,38.06
98,40.72
98,42.95
189,41.58
173,41.50
30,33.60
2,34.18
128,23.46
54,26.86
34,43.15
46,37.91
192,28.51
198,20.35
184,28.09
138,22.63
82,38.20
135,30.58
80,30.99
128,20.08
97,30.61
2,24.82
187,41.28
19,37.63
86,30.68
115,39.91
147,21.19
153,42.89
184,40.81
145,33.28
12,40.00
138,21.85
198,20.75
72,23.52
104,28.03
138,35.78
120,40.31
176,24.31
189,42.36
44,36.64
180,23.95
155,20.89
64,41.92
33,28.93
111,39.06
38,37.49
79,38.31
187,30.47
78,20.38
1,32.91
149,32.80
149,28.35
152,35.88
154,36.57
191,20.59
57,42.02
117,28.85
142,23.09
187,39.56
98,26.74
73,30.25
2,39.15
30,23.67
189,28.37
63,21.99
103,31.01
41,35.95
74,22.02
136,27.13
91,31.10
196,38.57
115,38.73
69,39.04
67,23.49
169,43.02
91,34.85
67,24.34
162,29.21
73,36.64
98,20.39
109,21.96
142,26.92
161,40.11
53,34.04
34,37.93
94,43.64
23,32.78
35,20.53
89,39.13
181,33.75
103,34.91
107,26.90
96,31.90
180,26.87
113,29.20
148,41.55
11,34.87
167,30.86
170,21.23
56,40.62
11,39.26
151,33.93
164,38.58
81,31.25
102,35.87
114,31.32
112,32.45
88,25.89
101,32.56
75,30.48
178,42.70
156,43.40
53,43.41
17,28.64
111,34.25
169,30.22
73,32.14
150,20.68
158,20.73
148,33.87
86,27.31
103,25.20
77,33.62
137,24.26
72,43.06
189,25.44
37,37.25
191,26.56
88,28.42
160,26.32
43,21.75
116,27.10
113,34.17
169,30.44
43,22.04
188,26.15
152,32.24
58,29.98
141,29.07
5,36.64
95,39.61
106,21.04
198,25.93
200,35.54
42,34.43
71,36.19
150,25.13
148,25.74
199,41.88
171,30.56
101,33.29
186,34.40
165,23.00
84,35.67
13,25.65
187,31.97
109,38.04
122,41.63
112,39.72
22,35.72
40,22.91
38,40.64
139,32.19
30,35.54
122,29.90
142,41.95
41,29.75
52,28.80
121,22.83
119,33.15
114,35.98
92,25.61
60,36.07
90,35.97
30,34.67
84,42.82
109,36.85
68,35.28
2,23.61
101,35.00
133,31.66
187,24.31
142,31.40
172,40.72
119,29.15
122,34.11
31,26.85
56,20.98
194,20.60
93,31.04
172,26.94
3,21.30
199,21.25
56,38.90
97,41.02
46,22.43
140,22.23
44,39.78
39,34.34
17,37.79
7,35.52
94,26.93
81,39.14
19,32.22
119,34.86
138,23.17
5,42.91
156,28.24
51,30.89
13,27.72
118,35.95
157,28.53
100,32.82
60,22.63
32,27.49
171,43.40
165,24.03
47,32.46
184,41.93
171,43.12
98,39.50
123,35.76
44,42.92
173,22.61
134,26.15
111,32.58
118,42.06
67,32.52
111,37.41
190,33.93
129,23.41
16,23.73
96,37.53
90,26.73
136,24.28
153,42.65
50,26.81
3,40.78
96,34.80
134,25.34
152,42.36
20,24.56
162,20.16
101,31.84
125,27.87
93,29.16
152,39.40
182,40.72
166,28.77
168,34.57
92,24.17
23,34.42
121,29.99
132,36.32
92,31.39
176,43.41
112,33.16
112,37.62
80,41.26
84,27.32
116,34.30
109,38.38
127,29.20
88,29.15
200,31.38
79,36.19
194,39.92
122,31.38
186,22.19
16,30.51
122,40.30
123,35.32
176,33.78
7,29.16
124,21.91
198,40.38
44,36.42
18,41.95
164,23.22
106,31.16
12,38.55
9,36.79
110,36.31
72,21.45
96,34.15
74,40.07
198,35.93
81,32.34
63,38.42
70,25.60
127,27.93
121,33.44
147,41.09
88,35.24
125,30.23
166,31.14
48,28.86
126,22.61
125,22.17
52,38.97
104,23.16
81,30.84
145,42.37
140,29.93
110,26.96
186,37.65
124,38.67
153,30.85
43,32.61
25,40.43
25,41.98
200,43.63
54,42.36
176,20.09
161,20.04
12,24.47
180,27.66
106,27.47
133,22.95
170,43.31
43,21.60
72,25.24
179,39.60
80,28.93
181,25.28
11,41.33
71,38.92
66,36.94
87,35.29
76,36.96
125,38.76
135,25.16
116,28.57
73,26.57
80,42.72
148,23.31
38,28.40
60,23.98
200,38.10
97,36.17
177,33.37
92,40.38
52,36.99
127,36.71
161,27.90
112,41.48
27,21.30
8,26.23
143,39.13
148,43.41
143,22.64
39,41.76
90,32.16
134,38.44
98,34.73
7,29.21
200,43.09
186,40.60
18,37.98
177,26.13
71,39.58
33,23.19
130,23.41
194,27.48
7,23.60
177,35.16
186,35.34
57,37.14
199,20.20
55,22.83
5,30.04
173,39.62
89,29.54
5,35.48
176,24.14
49,39.39
132,32.86
27,41.49
87,43.95
94,42.75
52,22.12
11,29.84
67,26.04
84,42.81
75,31.70
167,30.10
111,33.98
144,23.55
105,20.02
21,41.38
175,37.67
140,38.44
127,37.04
33,39.69
116,42.28
94,29.86
93,35.81
69,21.88
104,33.96
45,38.71
103,22.52
46,42.77
46,23.05
29,22.54
29,20.19
40,36.25
174,43.74
28,22.68
80,42.34
189,31.89
145,40.94
34,29.05
46,22.07
155,36.01
2,22.79
2,23.48
198,42.57
155,21.37
105,35.94
39,21.35
70,40.44
60,32.09
81,31.35
198,36.18
162,20.89
181,38.08
166,21.43
188,33.94
184,25.55
170,35.46
10,42.56
34,29.87
163,34.00
106,39.46
162,23.36
140,23.96
86,33.19
75,28.45
173,40.66
54,36.68
192,29.31
170,27.12
144,22.36
193,29.12
24,22.38
50,32.30
61,29.62
69,31.89
168,36.87
69,24.98
144,34.87
125,27.35
156,21.57
34,30.15
42,36.19
10,43.64
79,43.78
9,34.63
69,33.93
80,31.84
104,28.12
67,21.69
38,38.79
65,39.84
91,27.21
176,39.95
42,30.00
120,34.12
177,23.10
54,39.82
103,36.51
170,25.45
107,20.50
67,20.79
58,26.24
54,43.55
82,38.40
161,32.10
